Window,Stride,Class,Precision,Recall,F1,Support,Correct_Predictions,Total_Predictions
0.3s,0.15s,เย็ด,0.4,73.1,0.8,26,19,4987
0.3s,0.15s,กู,2.8000000000000003,93.0,5.4,157,146,5274
0.3s,0.15s,มึง,3.0,38.5,5.6000000000000005,117,45,1490
0.3s,0.15s,เหี้ย,6.1,71.8,11.3,78,56,914
0.3s,0.25s,เย็ด,0.4,57.699999999999996,0.8,26,15,3549
0.3s,0.25s,กู,3.1,77.10000000000001,6.0,157,121,3855
0.3s,0.25s,มึง,3.5999999999999996,29.9,6.5,117,35,965
0.3s,0.25s,เหี้ย,6.1,51.300000000000004,11.0,78,40,652
0.3s,0.2s,เย็ด,0.4,65.4,0.8,26,17,4003
0.3s,0.2s,กู,3.0,82.19999999999999,5.800000000000001,157,129,4279
0.3s,0.2s,มึง,3.1,31.6,5.7,117,37,1183
0.3s,0.2s,เหี้ย,6.3,64.1,11.5,78,50,789
0.3s,0.3s,เย็ด,0.5,53.800000000000004,0.8999999999999999,26,14,3056
0.3s,0.3s,กู,3.3000000000000003,70.1,6.3,157,110,3362
0.3s,0.3s,มึง,3.2,23.1,5.6000000000000005,117,27,840
0.3s,0.3s,เหี้ย,7.000000000000001,52.6,12.4,78,41,582
0.4s,0.25s,เย็ด,0.5,61.5,1.0,26,16,3120
0.4s,0.25s,กู,3.6999999999999997,79.60000000000001,7.1,157,125,3354
0.4s,0.25s,มึง,3.8,29.9,6.800000000000001,117,35,912
0.4s,0.25s,เหี้ย,6.6000000000000005,51.300000000000004,11.700000000000001,78,40,608
0.4s,0.2s,เย็ด,0.5,69.19999999999999,1.0,26,18,3654
0.4s,0.2s,กู,3.4000000000000004,86.6,6.6000000000000005,157,136,3965
0.4s,0.2s,มึง,3.5000000000000004,33.300000000000004,6.4,117,39,1111
0.4s,0.2s,เหี้ย,6.3,56.39999999999999,11.4,78,44,693
0.4s,0.35s,เย็ด,0.6,57.699999999999996,1.2,26,15,2503
0.4s,0.35s,กู,4.1000000000000005,75.8,7.7,157,119,2914
0.4s,0.35s,มึง,3.8,23.9,6.6000000000000005,117,28,729
0.4s,0.35s,เหี้ย,7.3,46.2,12.7,78,36,490
0.4s,0.3s,เย็ด,0.4,46.2,0.8,26,12,2872
0.4s,0.3s,กู,3.6999999999999997,76.4,7.000000000000001,157,120,3283
0.4s,0.3s,มึง,4.7,32.5,8.200000000000001,117,38,812
0.4s,0.3s,เหี้ย,7.3,51.300000000000004,12.8,78,40,547
0.4s,0.4s,เย็ด,0.6,50.0,1.0999999999999999,26,13,2271
0.4s,0.4s,กู,4.1000000000000005,68.8,7.8,157,108,2630
0.4s,0.4s,มึง,3.5000000000000004,18.8,5.800000000000001,117,22,636
0.4s,0.4s,เหี้ย,8.0,46.2,13.600000000000001,78,36,452
0.5s,0.25s,เย็ด,0.5,57.699999999999996,1.0999999999999999,26,15,2791
0.5s,0.25s,กู,4.3999999999999995,87.3,8.4,157,137,3114
0.5s,0.25s,มึง,3.8,28.199999999999996,6.7,117,33,868
0.5s,0.25s,เหี้ย,6.9,51.300000000000004,12.1,78,40,582
0.5s,0.35s,เย็ด,0.6,53.800000000000004,1.2,26,14,2296
0.5s,0.35s,กู,4.2,76.4,8.0,157,120,2858
0.5s,0.35s,มึง,4.3999999999999995,25.6,7.5,117,30,686
0.5s,0.35s,เหี้ย,8.200000000000001,50.0,14.099999999999998,78,39,474
0.5s,0.3s,เย็ด,0.4,38.5,0.8,26,10,2462
0.5s,0.3s,กู,4.3999999999999995,79.0,8.4,157,124,2812
0.5s,0.3s,มึง,4.1000000000000005,26.5,7.1,117,31,762
0.5s,0.3s,เหี้ย,7.3,47.4,12.6,78,37,510
0.5s,0.45s,เย็ด,0.5,38.5,1.0999999999999999,26,10,1858
0.5s,0.45s,กู,4.6,69.39999999999999,8.7,157,109,2348
0.5s,0.45s,มึง,4.2,18.8,6.9,117,22,521
0.5s,0.45s,เหี้ย,9.4,48.699999999999996,15.8,78,38,404
0.5s,0.4s,เย็ด,0.6,46.2,1.0999999999999999,26,12,2076
0.5s,0.4s,กู,4.3999999999999995,72.0,8.200000000000001,157,113,2593
0.5s,0.4s,มึง,4.3999999999999995,22.2,7.3,117,26,593
0.5s,0.4s,เหี้ย,9.1,51.300000000000004,15.5,78,40,439
0.5s,0.5s,เย็ด,0.4,26.900000000000002,0.8,26,7,1715
0.5s,0.5s,กู,4.6,64.3,8.6,157,101,2182
0.5s,0.5s,มึง,3.8,16.2,6.2,117,19,500
0.5s,0.5s,เหี้ย,9.5,46.2,15.8,78,36,377
0.6s,0.35s,เย็ด,0.7000000000000001,50.0,1.3,26,13,1980
0.6s,0.35s,กู,4.9,74.5,9.2,157,117,2394
0.6s,0.35s,มึง,4.9,26.5,8.3,117,31,634
0.6s,0.35s,เหี้ย,8.1,50.0,13.900000000000002,78,39,483
0.6s,0.3s,เย็ด,0.6,50.0,1.0999999999999999,26,13,2254
0.6s,0.3s,กู,4.7,79.0,8.9,157,124,2642
0.6s,0.3s,มึง,5.0,29.099999999999998,8.6,117,34,675
0.6s,0.3s,เหี้ย,8.1,52.6,14.000000000000002,78,41,509
0.6s,0.45s,เย็ด,0.5,34.599999999999994,1.0,26,9,1720
0.6s,0.45s,กู,4.9,72.6,9.1,157,114,2350
0.6s,0.45s,มึง,5.2,21.4,8.4,117,25,479
0.6s,0.45s,เหี้ย,8.799999999999999,44.9,14.7,78,35,397
0.6s,0.4s,เย็ด,0.7000000000000001,53.800000000000004,1.4000000000000001,26,14,1920
0.6s,0.4s,กู,4.7,75.8,8.9,157,119,2529
0.6s,0.4s,มึง,4.9,23.9,8.1,117,28,574
0.6s,0.4s,เหี้ย,8.6,47.4,14.6,78,37,428
0.6s,0.55s,เย็ด,0.4,23.1,0.8,26,6,1470
0.6s,0.55s,กู,5.5,70.1,10.2,157,110,2003
0.6s,0.55s,มึง,5.3,18.8,8.3,117,22,415
0.6s,0.55s,เหี้ย,7.9,34.599999999999994,12.9,78,27,340
0.6s,0.5s,เย็ด,0.6,38.5,1.2,26,10,1579
0.6s,0.5s,กู,4.8,65.60000000000001,9.0,157,103,2129
0.6s,0.5s,มึง,6.0,23.1,9.5,117,27,453
0.6s,0.5s,เหี้ย,8.799999999999999,42.3,14.6,78,33,375
0.6s,0.6s,เย็ด,0.8,42.3,1.5,26,11,1401
0.6s,0.6s,กู,5.2,61.1,9.6,157,96,1851
0.6s,0.6s,มึง,5.7,18.8,8.799999999999999,117,22,384
0.6s,0.6s,เหี้ย,8.9,35.9,14.2,78,28,315
0.7s,0.35s,เย็ด,0.8,53.800000000000004,1.5,26,14,1825
0.7s,0.35s,กู,5.5,80.30000000000001,10.2,157,126,2306
0.7s,0.35s,มึง,4.8,25.6,8.0,117,30,629
0.7s,0.35s,เหี้ย,9.700000000000001,55.1,16.5,78,43,442
0.7s,0.45s,เย็ด,0.8999999999999999,53.800000000000004,1.7000000000000002,26,14,1617
0.7s,0.45s,กู,5.2,77.7,9.8,157,122,2341
0.7s,0.45s,มึง,4.9,19.7,7.8,117,23,471
0.7s,0.45s,เหี้ย,8.9,43.6,14.799999999999999,78,34,380
0.7s,0.4s,เย็ด,0.7000000000000001,46.2,1.4000000000000001,26,12,1698
0.7s,0.4s,กู,5.6000000000000005,75.8,10.4,157,119,2124
0.7s,0.4s,มึง,3.9,18.8,6.5,117,22,559
0.7s,0.4s,เหี้ย,9.700000000000001,50.0,16.2,78,39,403
0.7s,0.55s,เย็ด,0.6,30.8,1.0999999999999999,26,8,1381
0.7s,0.55s,กู,5.2,66.2,9.700000000000001,157,104,1981
0.7s,0.55s,มึง,6.3,21.4,9.700000000000001,117,25,397
0.7s,0.55s,เหี้ย,9.0,37.2,14.499999999999998,78,29,322
0.7s,0.5s,เย็ด,0.8999999999999999,50.0,1.7000000000000002,26,13,1476
0.7s,0.5s,กู,5.1,68.8,9.5,157,108,2117
0.7s,0.5s,มึง,5.800000000000001,23.1,9.3,117,27,466
0.7s,0.5s,เหี้ย,10.100000000000001,46.2,16.6,78,36,357
0.7s,0.65s,เย็ด,0.7000000000000001,30.8,1.3,26,8,1169
0.7s,0.65s,กู,6.2,68.2,11.3,157,107,1739
0.7s,0.65s,มึง,4.7,13.700000000000001,7.000000000000001,117,16,341
0.7s,0.65s,เหี้ย,9.1,35.9,14.499999999999998,78,28,307
0.7s,0.6s,เย็ด,0.6,30.8,1.2,26,8,1290
0.7s,0.6s,กู,5.3,62.4,9.8,157,98,1851
0.7s,0.6s,มึง,6.5,21.4,10.0,117,25,383
0.7s,0.6s,เหี้ย,9.3,37.2,14.799999999999999,78,29,313
0.7s,0.7s,เย็ด,0.5,23.1,1.0999999999999999,26,6,1094
0.7s,0.7s,กู,5.7,59.9,10.299999999999999,157,94,1661
0.7s,0.7s,มึง,6.0,17.1,8.799999999999999,117,20,336
0.7s,0.7s,เหี้ย,12.3,43.6,19.2,78,34,276
0.8s,0.45s,เย็ด,0.6,34.599999999999994,1.2,26,9,1445
0.8s,0.45s,กู,6.6000000000000005,79.60000000000001,12.1,157,125,1905
0.8s,0.45s,มึง,5.6000000000000005,22.2,8.9,117,26,468
0.8s,0.45s,เหี้ย,9.700000000000001,44.9,16.0,78,35,359
0.8s,0.4s,เย็ด,0.6,34.599999999999994,1.0999999999999999,26,9,1557
0.8s,0.4s,กู,5.8999999999999995,75.8,11.0,157,119,2005
0.8s,0.4s,มึง,6.0,25.6,9.700000000000001,117,30,499
0.8s,0.4s,เหี้ย,9.4,48.699999999999996,15.8,78,38,404
0.8s,0.55s,เย็ด,0.7000000000000001,34.599999999999994,1.4000000000000001,26,9,1254
0.8s,0.55s,กู,6.0,75.2,11.1,157,118,1964
0.8s,0.55s,มึง,6.7,23.1,10.4,117,27,401
0.8s,0.55s,เหี้ย,8.1,33.300000000000004,13.0,78,26,321
0.8s,0.5s,เย็ด,0.6,34.599999999999994,1.3,26,9,1409
0.8s,0.5s,กู,5.7,76.4,10.6,157,120,2116
0.8s,0.5s,มึง,4.9,17.1,7.6,117,20,408
0.8s,0.5s,เหี้ย,8.200000000000001,37.2,13.4,78,29,355
0.8s,0.65s,เย็ด,0.7000000000000001,30.8,1.4000000000000001,26,8,1128
0.8s,0.65s,กู,6.3,70.1,11.5,157,110,1755
0.8s,0.65s,มึง,6.6000000000000005,18.8,9.8,117,22,331
0.8s,0.65s,เหี้ย,8.200000000000001,32.1,13.0,78,25,306
0.8s,0.6s,เย็ด,0.7000000000000001,30.8,1.3,26,8,1193
0.8s,0.6s,กู,5.8999999999999995,68.8,10.9,157,108,1825
0.8s,0.6s,มึง,7.6,23.9,11.5,117,28,369
0.8s,0.6s,เหี้ย,9.1,37.2,14.7,78,29,317
0.8s,0.75s,เย็ด,0.6,23.1,1.2,26,6,998
0.8s,0.75s,กู,6.4,61.8,11.600000000000001,157,97,1514
0.8s,0.75s,มึง,5.8999999999999995,14.499999999999998,8.4,117,17,289
0.8s,0.75s,เหี้ย,6.9,23.1,10.7,78,18,259
0.8s,0.7s,เย็ด,0.6,23.1,1.0999999999999999,26,6,1019
0.8s,0.7s,กู,6.0,61.1,10.9,157,96,1603
0.8s,0.7s,มึง,6.5,17.1,9.5,117,20,306
0.8s,0.7s,เหี้ย,10.9,38.5,17.0,78,30,274
0.8s,0.8s,เย็ด,0.5,19.2,1.0,26,5,927
0.8s,0.8s,กู,6.7,61.8,12.1,157,97,1445
0.8s,0.8s,มึง,7.199999999999999,17.9,10.299999999999999,117,21,291
0.8s,0.8s,เหี้ย,9.6,30.8,14.6,78,24,251
0.9s,0.45s,เย็ด,0.8,42.3,1.6,26,11,1336
0.9s,0.45s,กู,6.5,73.9,12.0,157,116,1781
0.9s,0.45s,มึง,6.0,23.1,9.5,117,27,450
0.9s,0.45s,เหี้ย,9.2,42.3,15.2,78,33,357
0.9s,0.55s,เย็ด,1.0999999999999999,50.0,2.1,26,13,1200
0.9s,0.55s,กู,5.800000000000001,72.6,10.7,157,114,1970
0.9s,0.55s,มึง,5.6000000000000005,18.8,8.6,117,22,392
0.9s,0.55s,เหี้ย,10.4,43.6,16.8,78,34,326
0.9s,0.5s,เย็ด,0.8,38.5,1.6,26,10,1215
0.9s,0.5s,กู,6.9,71.3,12.5,157,112,1629
0.9s,0.5s,มึง,7.3,25.6,11.4,117,30,411
0.9s,0.5s,เหี้ย,10.8,44.9,17.4,78,35,324
0.9s,0.65s,เย็ด,0.8999999999999999,38.5,1.7999999999999998,26,10,1057
0.9s,0.65s,กู,6.4,69.39999999999999,11.700000000000001,157,109,1701
0.9s,0.65s,มึง,7.3,20.5,10.7,117,24,330
0.9s,0.65s,เหี้ย,8.0,29.5,12.5,78,23,289
0.9s,0.6s,เย็ด,0.7000000000000001,30.8,1.4000000000000001,26,8,1108
0.9s,0.6s,กู,6.0,70.1,11.1,157,110,1825
0.9s,0.6s,มึง,6.9,23.1,10.6,117,27,394
0.9s,0.6s,เหี้ย,10.2,38.5,16.1,78,30,294
0.9s,0.75s,เย็ด,0.6,23.1,1.2,26,6,954
0.9s,0.75s,กู,6.1,59.199999999999996,11.1,157,93,1520
0.9s,0.75s,มึง,5.8999999999999995,15.4,8.6,117,18,304
0.9s,0.75s,เหี้ย,10.0,33.300000000000004,15.4,78,26,260
0.9s,0.7s,เย็ด,0.6,23.1,1.2,26,6,999
0.9s,0.7s,กู,5.8999999999999995,61.1,10.7,157,96,1637
0.9s,0.7s,มึง,8.3,22.2,12.1,117,26,313
0.9s,0.7s,เหี้ย,11.200000000000001,37.2,17.299999999999997,78,29,258
0.9s,0.85s,เย็ด,1.0,30.8,1.9,26,8,819
0.9s,0.85s,กู,6.4,56.699999999999996,11.600000000000001,157,89,1380
0.9s,0.85s,มึง,4.5,9.4,6.1,117,11,246
0.9s,0.85s,เหี้ย,9.1,28.199999999999996,13.8,78,22,241
0.9s,0.8s,เย็ด,0.8,26.900000000000002,1.5,26,7,896
0.9s,0.8s,กู,6.800000000000001,61.8,12.3,157,97,1424
0.9s,0.8s,มึง,7.6,17.1,10.6,117,20,262
0.9s,0.8s,เหี้ย,10.9,32.1,16.3,78,25,229
0.9s,0.9s,เย็ด,0.3,7.7,0.5,26,2,772
0.9s,0.9s,กู,6.9,57.99999999999999,12.4,157,91,1313
0.9s,0.9s,มึง,6.1,12.0,8.0,117,14,231
0.9s,0.9s,เหี้ย,10.4,29.5,15.4,78,23,221
1.0s,0.55s,เย็ด,0.7000000000000001,26.900000000000002,1.3,26,7,1072
1.0s,0.55s,กู,7.000000000000001,70.1,12.8,157,110,1562
1.0s,0.55s,มึง,7.3,23.9,11.200000000000001,117,28,385
1.0s,0.55s,เหี้ย,9.2,35.9,14.7,78,28,303
1.0s,0.5s,เย็ด,0.6,26.900000000000002,1.0999999999999999,26,7,1197
1.0s,0.5s,กู,7.3999999999999995,75.2,13.4,157,118,1603
1.0s,0.5s,มึง,6.1,22.2,9.6,117,26,424
1.0s,0.5s,เหี้ย,10.6,42.3,17.0,78,33,310
1.0s,0.65s,เย็ด,0.8,30.8,1.6,26,8,997
1.0s,0.65s,กู,6.6000000000000005,71.3,12.1,157,112,1698
1.0s,0.65s,มึง,6.9,20.5,10.4,117,24,346
1.0s,0.65s,เหี้ย,8.1,30.8,12.9,78,24,295
1.0s,0.6s,เย็ด,0.8,34.599999999999994,1.6,26,9,1065
1.0s,0.6s,กู,6.5,75.2,12.0,157,118,1809
1.0s,0.6s,มึง,6.2,19.7,9.5,117,23,369
1.0s,0.6s,เหี้ย,8.6,33.300000000000004,13.700000000000001,78,26,301
1.0s,0.75s,เย็ด,0.8999999999999999,30.8,1.7999999999999998,26,8,874
1.0s,0.75s,กู,6.6000000000000005,64.3,12.0,157,101,1533
1.0s,0.75s,มึง,5.6000000000000005,14.499999999999998,8.1,117,17,303
1.0s,0.75s,เหี้ย,9.9,33.300000000000004,15.299999999999999,78,26,262
1.0s,0.7s,เย็ด,0.7000000000000001,23.1,1.3,26,6,911
1.0s,0.7s,กู,6.3,65.0,11.5,157,102,1619
1.0s,0.7s,มึง,9.700000000000001,24.8,14.000000000000002,117,29,298
1.0s,0.7s,เหี้ย,12.4,41.0,19.0,78,32,258
1.0s,0.85s,เย็ด,0.8,23.1,1.5,26,6,765
1.0s,0.85s,กู,6.9,60.5,12.4,157,95,1374
1.0s,0.85s,มึง,7.3999999999999995,14.499999999999998,9.8,117,17,230
1.0s,0.85s,เหี้ย,10.0,29.5,14.899999999999999,78,23,231
1.0s,0.8s,เย็ด,0.8,26.900000000000002,1.6,26,7,839
1.0s,0.8s,กู,6.6000000000000005,59.9,11.899999999999999,157,94,1425
1.0s,0.8s,มึง,7.000000000000001,16.2,9.8,117,19,270
1.0s,0.8s,เหี้ย,9.700000000000001,30.8,14.7,78,24,248
1.0s,0.95s,เย็ด,0.8,23.1,1.6,26,6,728
1.0s,0.95s,กู,7.3999999999999995,58.599999999999994,13.100000000000001,157,92,1250
1.0s,0.95s,มึง,7.6,14.499999999999998,10.0,117,17,223
1.0s,0.95s,เหี้ย,11.0,30.8,16.2,78,24,219
1.0s,0.9s,เย็ด,0.6,15.4,1.0999999999999999,26,4,724
1.0s,0.9s,กู,7.3999999999999995,61.1,13.100000000000001,157,96,1304
1.0s,0.9s,มึง,6.5,13.700000000000001,8.799999999999999,117,16,245
1.0s,0.9s,เหี้ย,9.3,28.199999999999996,14.000000000000002,78,22,237
1.0s,1.0s,เย็ด,0.7000000000000001,19.2,1.4000000000000001,26,5,700
1.0s,1.0s,กู,7.6,57.3,13.4,157,90,1183
1.0s,1.0s,มึง,5.4,11.1,7.3,117,13,241
1.0s,1.0s,เหี้ย,8.6,20.5,12.1,78,16,187
