threshold,f1_mean,f1_std,f1_count,binary_f1_mean,binary_f1_std,binary_f1_count,multiclass_f1_mean,multiclass_f1_std,multiclass_f1_count,accuracy_mean,accuracy_std,balanced_accuracy_mean,balanced_accuracy_std,method,f1_cv,binary_f1_cv,multiclass_f1_cv
0.1,0.2837,0.0983,226,0.2837,0.0983,226,0.3135,0.0676,226,0.4916,0.0676,0.6684,0.0476,iou_eval_enhanced,0.34649277405710255,0.34649277405710255,0.21562998405103667
0.2,0.2268,0.1013,226,0.2268,0.1013,226,0.2746,0.0621,226,0.4235,0.0956,0.6818,0.0473,iou_eval_enhanced,0.44664902998236333,0.44664902998236333,0.22614712308812818
0.3,0.2085,0.1088,226,0.2085,0.1088,226,0.2603,0.0426,226,0.3994,0.1152,0.6316,0.0618,iou_eval_enhanced,0.5218225419664269,0.5218225419664269,0.16365731847867845
0.4,0.2033,0.113,226,0.2033,0.113,226,0.2592,0.0272,226,0.3915,0.1249,0.5731,0.0576,iou_eval_enhanced,0.5558288243974422,0.5558288243974422,0.10493827160493827
0.5,0.2015,0.115,226,0.2015,0.115,226,0.2602,0.0158,226,0.3883,0.1298,0.5334,0.054,iou_eval_enhanced,0.5707196029776674,0.5707196029776674,0.06072252113758648
0.6,0.2006,0.1158,226,0.2006,0.1158,226,0.2614,0.008,226,0.3868,0.1321,0.4898,0.0911,iou_eval_enhanced,0.5772681954137587,0.5772681954137587,0.0306044376434583
0.7,0.2,0.1162,226,0.2,0.1162,226,0.2611,0.0043,226,0.3859,0.1332,0.4524,0.1118,iou_eval_enhanced,0.581,0.581,0.016468785905783226
0.8,0.1995,0.1163,226,0.1995,0.1163,226,0.2603,0.0017,226,0.3853,0.1338,0.3881,0.1303,iou_eval_enhanced,0.5829573934837092,0.5829573934837092,0.006530925854782943
0.9,0.1991,0.1162,226,0.1991,0.1162,226,0.26,0.0007,226,0.3849,0.1338,0.3233,0.1192,iou_eval_enhanced,0.5836263184329482,0.5836263184329482,0.002692307692307692
