eval_type,window_size,stride_name,word_binary_f1,word_multiclass_f1,word_gt_count,word_pred_count,vad_binary_f1,vad_multiclass_f1,vad_combined_iou,vad_duration,f1_difference,f1_percent_change
eval_by_0.05,0.3,stride_0.125s,0.9742,0.8168,378,8316,0.391,0.325,0.3088,74.41803979873657,-0.5831999999999999,-59.864504208581394
eval_by_0.05,0.3,stride_0.15s,0.9686,0.8104,378,8151,0.4,0.342,0.3116,70.57890844345093,-0.5686,-58.70328308899442
eval_by_0.05,0.3,stride_0.25s,0.9169,0.7479,378,6472,0.379,0.314,0.3455,55.84181046485901,-0.5379,-58.66506707383575
eval_by_0.05,0.3,stride_0.2s,0.9322,0.7571,378,7210,0.393,0.325,0.3198,60.93066215515137,-0.5392,-57.84166487878137
eval_by_0.05,0.3,stride_0.3s,0.8964,0.727,378,5604,0.384,0.321,0.3161,48.85641527175903,-0.5124,-57.1619812583668
eval_by_0.05,0.4,stride_0.25s,0.9043,0.7652,378,4911,0.386,0.33,0.3002,44.89778351783752,-0.5183,-57.315050315160896
eval_by_0.05,0.4,stride_0.2s,0.9456,0.8033,378,5342,0.4,0.347,0.2898,51.0318820476532,-0.5456,-57.69881556683587
eval_by_0.05,0.4,stride_0.35s,0.87,0.7115,378,3986,0.392,0.33,0.3054,38.82172083854675,-0.478,-54.94252873563218
eval_by_0.05,0.4,stride_0.3s,0.8964,0.7387,378,4461,0.384,0.323,0.3149,43.482444524765015,-0.5124,-57.1619812583668
eval_by_0.05,0.4,stride_0.4s,0.8261,0.7019,378,3625,0.391,0.342,0.3014,38.24977207183838,-0.43509999999999993,-52.66916838155187
eval_by_0.05,0.5,stride_0.25s,0.9012,0.7587,378,3743,0.392,0.338,0.2622,42.1159291267395,-0.5092,-56.50244118952508
eval_by_0.05,0.5,stride_0.35s,0.8545,0.7121,378,3183,0.395,0.339,0.2958,35.41790986061096,-0.4595,-53.77413692217671
eval_by_0.05,0.5,stride_0.3s,0.88,0.72,378,3415,0.39,0.331,0.2744,36.2770209312439,-0.49,-55.68181818181818
eval_by_0.05,0.5,stride_0.45s,0.8,0.6635,378,2721,0.366,0.312,0.2867,30.11337280273437,-0.43400000000000005,-54.25
eval_by_0.05,0.5,stride_0.4s,0.8369,0.7015,378,2983,0.386,0.332,0.2897,32.516501903533936,-0.45089999999999997,-53.877404707850395
eval_by_0.05,0.5,stride_0.5s,0.7707,0.6699,378,2528,0.363,0.319,0.2949,28.391312837600708,-0.40770000000000006,-52.899961074348
eval_by_0.05,0.6,stride_0.35s,0.8315,0.6893,378,2591,0.383,0.329,0.2723,30.93670344352722,-0.4485,-53.9386650631389
eval_by_0.05,0.6,stride_0.3s,0.8614,0.7229,378,2726,0.39,0.333,0.2599,34.30210614204407,-0.47140000000000004,-54.724866496401205
eval_by_0.05,0.6,stride_0.45s,0.7707,0.6537,378,2234,0.373,0.326,0.299,28.34787893295288,-0.39770000000000005,-51.602439340858965
eval_by_0.05,0.6,stride_0.4s,0.8458,0.7084,378,2512,0.39,0.336,0.2697,31.323489904403687,-0.4558,-53.889808465358236
eval_by_0.05,0.6,stride_0.55s,0.74,0.6333,378,1933,0.38,0.334,0.2869,25.55180025100708,-0.36,-48.648648648648646
eval_by_0.05,0.6,stride_0.5s,0.7787,0.6656,378,2136,0.386,0.339,0.2736,27.08637762069702,-0.39269999999999994,-50.430204186464614
eval_by_0.05,0.6,stride_0.6s,0.7077,0.5915,378,1807,0.361,0.315,0.2886,23.8888521194458,-0.3467,-48.98968489472941
eval_by_0.05,0.7,stride_0.35s,0.8132,0.6907,378,2089,0.375,0.326,0.2467,27.962923288345337,-0.43820000000000003,-53.88588293162814
eval_by_0.05,0.7,stride_0.45s,0.7826,0.6699,378,1893,0.386,0.336,0.2525,24.702547550201416,-0.39659999999999995,-50.677229746997185
eval_by_0.05,0.7,stride_0.4s,0.7904,0.6656,378,2012,0.373,0.327,0.2533,26.01039671897888,-0.4174,-52.808704453441294
eval_by_0.05,0.7,stride_0.55s,0.7421,0.6256,378,1677,0.378,0.327,0.2396,22.56675410270691,-0.3641,-49.06346853523784
eval_by_0.05,0.7,stride_0.5s,0.7747,0.6613,378,1788,0.386,0.338,0.2639,24.70100688934326,-0.38870000000000005,-50.17426100425971
eval_by_0.05,0.7,stride_0.65s,0.6806,0.5864,378,1502,0.352,0.314,0.2537,23.496885299682617,-0.3286,-48.280928592418455
eval_by_0.05,0.7,stride_0.6s,0.6898,0.5858,378,1537,0.35,0.309,0.2941,24.715840339660645,-0.3398,-49.2606552623949
eval_by_0.05,0.7,stride_0.7s,0.6279,0.5445,378,1359,0.336,0.3,0.2665,22.33422017097473,-0.2919,-46.48829431438127
eval_by_0.05,0.8,stride_0.45s,0.74,0.6067,378,1582,0.38,0.322,0.2383,26.94224619865417,-0.36,-48.648648648648646
eval_by_0.05,0.8,stride_0.4s,0.7627,0.635,378,1651,0.367,0.316,0.2275,28.55460476875305,-0.39570000000000005,-51.8814737118133
eval_by_0.05,0.8,stride_0.55s,0.7077,0.5915,378,1452,0.37,0.318,0.2233,25.754212141036987,-0.3377,-47.71795958739579
eval_by_0.05,0.8,stride_0.5s,0.7379,0.6411,378,1511,0.371,0.33,0.2345,26.224600791931152,-0.3669,-49.722184577856076
eval_by_0.05,0.8,stride_0.65s,0.6403,0.5504,378,1314,0.347,0.308,0.2476,22.161951541900635,-0.2933,-45.80665313134468
eval_by_0.05,0.8,stride_0.6s,0.6572,0.5613,378,1323,0.356,0.31,0.2358,21.448557138442997,-0.3012,-45.83079732197201
eval_by_0.05,0.8,stride_0.75s,0.6,0.5222,378,1145,0.347,0.309,0.3504,19.587596893310547,-0.253,-42.16666666666667
eval_by_0.05,0.8,stride_0.7s,0.6329,0.528,378,1229,0.349,0.302,0.2472,20.662892818450928,-0.28390000000000004,-44.85700742613368
eval_by_0.05,0.8,stride_0.8s,0.5922,0.4991,378,1117,0.354,0.311,0.2788,20.608598709106445,-0.23819999999999997,-40.22289766970618
eval_by_0.05,0.9,stride_0.45s,0.7208,0.6058,378,1341,0.385,0.331,0.2236,24.66158103942871,-0.3358,-46.587125416204216
eval_by_0.05,0.9,stride_0.55s,0.6548,0.5374,378,1212,0.365,0.315,0.2233,22.83506727218628,-0.28980000000000006,-44.25778863775199
eval_by_0.05,0.9,stride_0.5s,0.7208,0.6091,378,1250,0.374,0.324,0.2074,22.998807668685917,-0.3468,-48.113207547169814
eval_by_0.05,0.9,stride_0.65s,0.6179,0.5338,378,1127,0.356,0.313,0.2583,21.215585708618164,-0.2619,-42.385499271726815
eval_by_0.05,0.9,stride_0.6s,0.6452,0.552,378,1165,0.365,0.323,0.221,21.757184982299805,-0.2802,-43.42839429634222
eval_by_0.05,0.9,stride_0.75s,0.6204,0.5146,378,1012,0.378,0.331,0.2715,20.063608646392822,-0.24239999999999995,-39.071566731141196
eval_by_0.05,0.9,stride_0.7s,0.6255,0.5055,378,1067,0.345,0.287,0.2582,20.49548077583313,-0.28049999999999997,-44.84412470023981
eval_by_0.05,0.9,stride_0.85s,0.5709,0.4953,378,931,0.35,0.313,0.2149,18.39922857284546,-0.22089999999999999,-38.69329129444736
eval_by_0.05,0.9,stride_0.8s,0.5843,0.5056,378,986,0.361,0.322,0.2499,18.26269292831421,-0.22330000000000005,-38.21666951908267
eval_by_0.05,0.9,stride_0.9s,0.5655,0.4592,378,893,0.369,0.319,0.2444,16.962597608566284,-0.1965,-34.748010610079575
eval_by_0.05,1.0,stride_0.55s,0.6524,0.5383,378,1030,0.379,0.325,0.2665,18.9122257232666,-0.2734,-41.90680564071122
eval_by_0.05,1.0,stride_0.5s,0.669,0.5599,378,1083,0.369,0.318,0.222,19.580761909484863,-0.30000000000000004,-44.843049327354265
eval_by_0.05,1.0,stride_0.65s,0.6179,0.5009,378,998,0.351,0.295,0.2723,18.26202797889709,-0.2669,-43.19469169768571
eval_by_0.05,1.0,stride_0.6s,0.6596,0.5284,378,1030,0.371,0.312,0.2024,18.47478985786438,-0.28859999999999997,-43.75379017586416
eval_by_0.05,1.0,stride_0.75s,0.6,0.5037,378,911,0.374,0.32,0.2548,17.9146089553833,-0.22599999999999998,-37.666666666666664
eval_by_0.05,1.0,stride_0.7s,0.6179,0.5009,378,953,0.361,0.304,0.2775,18.68837308883667,-0.2569,-41.576306845767924
eval_by_0.05,1.0,stride_0.85s,0.5682,0.4583,378,829,0.341,0.287,0.2276,19.69903874397278,-0.2272,-39.98592045054558
eval_by_0.05,1.0,stride_0.8s,0.5709,0.4802,378,878,0.344,0.296,0.2392,20.186620235443115,-0.2269,-39.74426344368541
eval_by_0.05,1.0,stride_0.95s,0.5292,0.4436,378,767,0.359,0.311,0.2496,18.62295365333557,-0.17020000000000002,-32.16175359032502
eval_by_0.05,1.0,stride_0.9s,0.5377,0.4565,378,775,0.342,0.301,0.2333,19.24416947364807,-0.19569999999999993,-36.395759717314476
eval_by_0.05,1.0,stride_1.0s,0.5377,0.441,378,696,0.349,0.299,0.2258,17.283747911453247,-0.18869999999999998,-35.09391854193788
eval_by_0.05,1.1,stride_0.55s,0.6204,0.4964,378,888,0.375,0.319,0.2363,20.51129126548767,-0.24539999999999995,-39.555125725338485
eval_by_0.05,1.1,stride_0.65s,0.6204,0.5036,378,881,0.369,0.31,0.2422,19.88652539253235,-0.25139999999999996,-40.52224371373307
eval_by_0.05,1.1,stride_0.6s,0.6427,0.4991,378,899,0.367,0.302,0.2381,19.170246839523315,-0.27570000000000006,-42.89715263731135
eval_by_0.05,1.1,stride_0.75s,0.5736,0.4717,378,800,0.364,0.309,0.2479,17.090201139450073,-0.2096,-36.541143654114364
eval_by_0.05,1.1,stride_0.7s,0.5709,0.4537,378,840,0.352,0.29,0.2574,18.00960373878479,-0.21889999999999998,-38.34296724470135
eval_by_0.05,1.1,stride_0.85s,0.5627,0.4525,378,742,0.357,0.303,0.2088,16.91133689880371,-0.2057,-36.5558912386707
eval_by_0.05,1.1,stride_0.8s,0.5263,0.4211,378,762,0.335,0.28,0.2353,17.218627452850342,-0.19129999999999997,-36.34809044271328
eval_by_0.05,1.1,stride_0.95s,0.488,0.416,378,684,0.33,0.289,0.1955,16.01323366165161,-0.15799999999999997,-32.377049180327866
eval_by_0.05,1.1,stride_0.9s,0.5517,0.4368,378,714,0.351,0.298,0.2296,17.053504943847656,-0.2007,-36.378466557911906
eval_by_0.05,1.1,stride_1.05s,0.5,0.4127,378,631,0.353,0.301,0.2115,16.526511430740356,-0.14700000000000002,-29.400000000000006
eval_by_0.05,1.1,stride_1.0s,0.5147,0.4047,378,623,0.351,0.294,0.2467,15.66502571105957,-0.16370000000000007,-31.804934913541878
eval_by_0.05,1.1,stride_1.1s,0.488,0.392,378,597,0.351,0.303,0.2821,15.814621686935425,-0.137,-28.07377049180328
eval_by_0.05,1.2,stride_0.65s,0.5922,0.4544,378,788,0.371,0.305,0.1986,18.119487047195435,-0.22119999999999995,-37.35224586288415
eval_by_0.05,1.2,stride_0.6s,0.6,0.4778,378,792,0.366,0.304,0.2285,18.625997304916385,-0.23399999999999999,-39.0
eval_by_0.05,1.2,stride_0.75s,0.5349,0.438,378,744,0.346,0.289,0.2277,17.683723211288452,-0.18890000000000007,-35.31501215180409
eval_by_0.05,1.2,stride_0.7s,0.5627,0.4449,378,759,0.354,0.29,0.3197,20.17091703414917,-0.2087,-37.0890350097743
eval_by_0.05,1.2,stride_0.85s,0.5147,0.4283,378,658,0.345,0.298,0.1991,19.457744598388672,-0.16970000000000007,-32.9706625218574
eval_by_0.05,1.2,stride_0.8s,0.5234,0.4219,378,704,0.344,0.289,0.2151,19.48048520088196,-0.1794,-34.27588842185709
eval_by_0.05,1.2,stride_0.95s,0.497,0.4254,378,630,0.342,0.302,0.1902,18.50655508041382,-0.15499999999999997,-31.187122736418505
eval_by_0.05,1.2,stride_0.9s,0.5089,0.4103,378,646,0.341,0.293,0.2021,16.509998559951782,-0.1679,-32.992729416388286
eval_by_0.05,1.2,stride_1.05s,0.5089,0.4181,378,583,0.358,0.304,0.2048,15.29390287399292,-0.15090000000000003,-29.65219100019651
eval_by_0.05,1.2,stride_1.0s,0.491,0.4032,378,593,0.345,0.296,0.2455,15.218401670455933,-0.14600000000000002,-29.735234215885953
eval_by_0.05,1.2,stride_1.15s,0.4476,0.3943,378,553,0.345,0.31,0.2162,14.830355405807495,-0.10260000000000002,-22.922252010723867
eval_by_0.05,1.2,stride_1.1s,0.4603,0.3829,378,542,0.337,0.291,0.2087,14.093690872192385,-0.12329999999999997,-26.786878122963277
eval_by_0.05,1.2,stride_1.2s,0.454,0.3763,378,527,0.341,0.294,0.2023,14.15767526626587,-0.11299999999999999,-24.88986784140969
eval_by_0.05,1.3,stride_0.65s,0.5545,0.4436,378,701,0.363,0.303,0.1908,17.121731758117676,-0.1915,-34.53561767357981
eval_by_0.05,1.3,stride_0.75s,0.488,0.416,378,666,0.337,0.293,0.2338,16.22012734413147,-0.15099999999999997,-30.942622950819665
eval_by_0.05,1.3,stride_0.7s,0.5292,0.3813,378,647,0.356,0.278,0.2386,17.1162748336792,-0.17320000000000002,-32.72864701436131
eval_by_0.05,1.3,stride_0.85s,0.5118,0.4094,378,608,0.351,0.293,0.2019,16.655782461166382,-0.16080000000000005,-31.418522860492388
eval_by_0.05,1.3,stride_0.8s,0.5118,0.3976,378,625,0.351,0.289,0.1909,16.731213331222534,-0.16080000000000005,-31.418522860492388
eval_by_0.05,1.3,stride_0.95s,0.488,0.392,378,570,0.354,0.3,0.1801,16.221832990646362,-0.134,-27.459016393442624
eval_by_0.05,1.3,stride_0.9s,0.488,0.384,378,582,0.34,0.282,0.1885,15.886033058166504,-0.14799999999999996,-30.327868852459012
eval_by_0.05,1.3,stride_1.05s,0.4727,0.3596,378,539,0.345,0.278,0.1905,15.248625993728638,-0.12770000000000004,-27.015020097313315
eval_by_0.05,1.3,stride_1.0s,0.4603,0.3707,378,542,0.343,0.294,0.189,16.561188459396362,-0.11729999999999996,-25.483380404084283
eval_by_0.05,1.3,stride_1.15s,0.4283,0.3867,378,499,0.338,0.307,0.1904,15.977948665618896,-0.09029999999999999,-21.083352790100392
eval_by_0.05,1.3,stride_1.1s,0.4444,0.3621,378,530,0.336,0.287,0.2076,15.899080753326416,-0.1084,-24.39243924392439
eval_by_0.05,1.3,stride_1.25s,0.4118,0.3361,378,469,0.34,0.29,0.2672,14.935004472732544,-0.07179999999999997,-17.435648372996596
eval_by_0.05,1.3,stride_1.2s,0.4217,0.3424,378,481,0.324,0.274,0.1897,14.333927869796751,-0.09770000000000001,-23.16812900165995
eval_by_0.05,1.3,stride_1.3s,0.3983,0.3263,378,478,0.339,0.297,0.1963,14.111693859100342,-0.059299999999999964,-14.888275169470239
eval_by_0.05,1.4,stride_0.75s,0.5205,0.4384,378,590,0.35,0.303,0.2168,15.827109813690186,-0.17049999999999998,-32.75696445725264
eval_by_0.05,1.4,stride_0.7s,0.5263,0.4016,378,598,0.366,0.299,0.312,16.44654369354248,-0.1603,-30.457913737412124
eval_by_0.05,1.4,stride_0.85s,0.503,0.3921,378,577,0.355,0.295,0.1847,16.56296944618225,-0.14800000000000002,-29.423459244532808
eval_by_0.05,1.4,stride_0.8s,0.497,0.4095,378,578,0.345,0.293,0.1874,16.77887988090515,-0.15200000000000002,-30.583501006036222
eval_by_0.05,1.4,stride_0.95s,0.4634,0.4024,378,526,0.358,0.318,0.1951,16.226754188537598,-0.1054,-22.74492878722486
eval_by_0.05,1.4,stride_0.9s,0.5,0.4167,378,561,0.346,0.296,0.1913,17.67014193534851,-0.15400000000000003,-30.800000000000004
eval_by_0.05,1.4,stride_1.05s,0.4634,0.3821,378,506,0.349,0.293,0.187,16.675727367401123,-0.1144,-24.68709538195943
eval_by_0.05,1.4,stride_1.0s,0.4665,0.3813,378,516,0.35,0.3,0.1782,16.613511323928833,-0.11650000000000005,-24.97320471597
eval_by_0.05,1.4,stride_1.15s,0.4283,0.3742,378,460,0.337,0.294,0.1788,15.3942391872406,-0.09129999999999999,-21.31683399486341
eval_by_0.05,1.4,stride_1.1s,0.4634,0.3699,378,492,0.341,0.289,0.1913,15.085049152374268,-0.12239999999999995,-26.413465688390154
eval_by_0.05,1.4,stride_1.25s,0.4476,0.3573,378,448,0.351,0.295,0.2124,14.655802249908447,-0.09660000000000002,-21.581769436997323
eval_by_0.05,1.4,stride_1.2s,0.425,0.3625,378,446,0.334,0.292,0.1969,14.860129594802856,-0.09099999999999997,-21.411764705882348
eval_by_0.05,1.4,stride_1.35s,0.4184,0.3431,378,415,0.338,0.293,0.1726,14.539203643798828,-0.08039999999999997,-19.216061185468444
eval_by_0.05,1.4,stride_1.3s,0.4118,0.3277,378,420,0.341,0.29,0.1829,14.666785717010498,-0.07079999999999997,-17.19281204468188
eval_by_0.05,1.4,stride_1.4s,0.3983,0.3093,378,396,0.33,0.272,0.3202,15.041001319885254,-0.06829999999999997,-17.147878483555104
eval_by_0.05,1.5,stride_0.75s,0.5176,0.4314,378,517,0.348,0.294,0.2172,17.93418526649475,-0.16959999999999997,-32.766615146831526
eval_by_0.05,1.5,stride_0.85s,0.4665,0.3529,378,495,0.358,0.289,0.2103,16.955179691314697,-0.10850000000000004,-23.25830653804931
eval_by_0.05,1.5,stride_0.8s,0.488,0.404,378,514,0.355,0.299,0.2121,17.685527801513672,-0.133,-27.25409836065574
eval_by_0.05,1.5,stride_0.95s,0.4476,0.3737,378,475,0.36,0.311,0.1818,15.791534900665283,-0.08760000000000001,-19.57104557640751
eval_by_0.05,1.5,stride_0.9s,0.488,0.392,378,511,0.362,0.307,0.1989,15.726074695587158,-0.126,-25.81967213114754
eval_by_0.05,1.5,stride_1.05s,0.425,0.35,378,457,0.341,0.286,0.1939,14.332334518432615,-0.08399999999999996,-19.764705882352935
eval_by_0.05,1.5,stride_1.0s,0.454,0.3763,378,473,0.345,0.296,0.1732,15.160127639770508,-0.10900000000000004,-24.008810572687235
eval_by_0.05,1.5,stride_1.15s,0.4508,0.377,378,415,0.348,0.298,0.1736,14.47405219078064,-0.1028,-22.8039041703638
eval_by_0.05,1.5,stride_1.1s,0.4603,0.3503,378,430,0.348,0.285,0.1894,14.814359903335571,-0.11230000000000001,-24.397132305018467
eval_by_0.05,1.5,stride_1.25s,0.4412,0.3753,378,392,0.353,0.304,0.2707,14.784759998321531,-0.0882,-19.9909338168631
eval_by_0.05,1.5,stride_1.2s,0.4084,0.3411,378,391,0.343,0.293,0.1943,15.283100605010986,-0.06539999999999996,-16.013712047012724
eval_by_0.05,1.5,stride_1.35s,0.3846,0.3333,378,379,0.335,0.295,0.1662,15.091102361679075,-0.04959999999999998,-12.89651586063442
eval_by_0.05,1.5,stride_1.3s,0.3983,0.3263,378,388,0.351,0.297,0.2083,15.169700860977173,-0.04730000000000001,-11.875470750690436
eval_by_0.05,1.5,stride_1.45s,0.3636,0.316,378,354,0.331,0.293,0.1871,14.414073705673218,-0.03259999999999996,-8.965896589658955
eval_by_0.05,1.5,stride_1.4s,0.3707,0.2888,378,348,0.337,0.28,0.3212,14.022019386291504,-0.03369999999999995,-9.09090909090908
eval_by_0.05,1.5,stride_1.5s,0.3812,0.3298,378,347,0.332,0.293,0.1748,14.138145208358765,-0.049199999999999966,-12.906610703043015
eval_by_0.05,1.6,stride_0.85s,0.491,0.3752,378,471,0.363,0.293,0.1998,16.288850784301758,-0.128,-26.069246435845216
eval_by_0.05,1.6,stride_0.8s,0.491,0.4032,378,462,0.364,0.307,0.1825,16.691834688186646,-0.127,-25.865580448065174
eval_by_0.05,1.6,stride_0.95s,0.438,0.343,378,432,0.355,0.295,0.1791,16.011717319488525,-0.08300000000000002,-18.949771689497723
eval_by_0.05,1.6,stride_0.9s,0.5,0.381,378,479,0.367,0.302,0.2342,16.672356128692627,-0.133,-26.6
eval_by_0.05,1.6,stride_1.05s,0.4444,0.3416,378,429,0.352,0.285,0.1755,15.793593645095823,-0.09240000000000004,-20.7920792079208
eval_by_0.05,1.6,stride_1.0s,0.4665,0.3692,378,443,0.355,0.3,0.168,15.24042534828186,-0.11150000000000004,-23.901393354769567
eval_by_0.05,1.6,stride_1.15s,0.4571,0.3714,378,395,0.348,0.289,0.1877,15.344377517700195,-0.10910000000000003,-23.867862612119893
eval_by_0.05,1.6,stride_1.1s,0.4217,0.3257,378,400,0.354,0.292,0.2147,15.154977321624756,-0.06770000000000004,-16.054066872184023
eval_by_0.05,1.6,stride_1.25s,0.4084,0.3368,378,357,0.353,0.3,0.2773,14.483110666275024,-0.055400000000000005,-13.56513222331048
eval_by_0.05,1.6,stride_1.2s,0.4476,0.3614,378,384,0.366,0.309,0.1872,14.984265804290771,-0.0816,-18.230563002680967
eval_by_0.05,1.6,stride_1.35s,0.4118,0.3445,378,363,0.342,0.293,0.209,14.799680471420288,-0.06979999999999997,-16.949975716367163
eval_by_0.05,1.6,stride_1.3s,0.3983,0.3136,378,362,0.354,0.292,0.2195,14.722692489624023,-0.044300000000000006,-11.122269645995482
eval_by_0.05,1.6,stride_1.45s,0.3707,0.3147,378,336,0.33,0.286,0.196,14.2092924118042,-0.04069999999999996,-10.979228486646873
eval_by_0.05,1.6,stride_1.4s,0.3742,0.3011,378,335,0.337,0.281,0.163,14.19144320487976,-0.037199999999999955,-9.941207910208433
eval_by_0.05,1.6,stride_1.55s,0.3742,0.3011,378,322,0.353,0.305,0.3188,14.054641246795654,-0.021199999999999997,-5.665419561731694
eval_by_0.05,1.6,stride_1.5s,0.3983,0.3305,378,322,0.348,0.301,0.1705,13.807021141052246,-0.05030000000000001,-12.62867185538539
eval_by_0.05,1.6,stride_1.6s,0.3311,0.2737,378,313,0.333,0.286,0.1923,13.870942831039429,0.0019000000000000128,0.5738447598912754
eval_by_0.05,1.7,stride_0.85s,0.4444,0.3498,378,412,0.353,0.291,0.1393,15.687644720077516,-0.09140000000000004,-20.567056705670574
eval_by_0.05,1.7,stride_0.95s,0.425,0.3208,378,408,0.351,0.285,0.1727,15.63001036643982,-0.07400000000000001,-17.41176470588236
eval_by_0.05,1.7,stride_0.9s,0.4571,0.3551,378,423,0.358,0.298,0.2327,15.655373334884644,-0.09910000000000002,-21.680157514767014
eval_by_0.05,1.7,stride_1.05s,0.4217,0.3173,378,397,0.347,0.28,0.1884,15.672605752944946,-0.07470000000000004,-17.71401470239508
eval_by_0.05,1.7,stride_1.0s,0.425,0.3375,378,386,0.339,0.288,0.1741,15.27513599395752,-0.08599999999999997,-20.23529411764705
eval_by_0.05,1.7,stride_1.15s,0.438,0.3512,378,361,0.358,0.295,0.1777,15.596420526504517,-0.08000000000000002,-18.264840182648406
eval_by_0.05,1.7,stride_1.1s,0.4017,0.3256,378,364,0.346,0.295,0.1929,15.673689126968384,-0.05570000000000003,-13.866069205875037
eval_by_0.05,1.7,stride_1.25s,0.3846,0.3162,378,334,0.341,0.287,0.1495,15.043996572494509,-0.04359999999999997,-11.336453458138319
eval_by_0.05,1.7,stride_1.2s,0.425,0.3208,378,365,0.358,0.291,0.1505,15.644781112670898,-0.067,-15.764705882352942
eval_by_0.05,1.7,stride_1.35s,0.3881,0.3113,378,342,0.344,0.289,0.1671,15.058623790740969,-0.04410000000000003,-11.36305076011338
eval_by_0.05,1.7,stride_1.3s,0.3812,0.2998,378,345,0.342,0.282,0.1677,15.057904958724976,-0.03919999999999996,-10.283315844700933
eval_by_0.05,1.7,stride_1.45s,0.3385,0.2945,378,313,0.322,0.273,0.2103,14.759058475494385,-0.016500000000000015,-4.874446085672086
eval_by_0.05,1.7,stride_1.4s,0.3672,0.2937,378,327,0.333,0.278,0.1886,14.76822566986084,-0.03420000000000001,-9.31372549019608
eval_by_0.05,1.7,stride_1.55s,0.3311,0.2561,378,292,0.343,0.292,0.3234,14.235317707061768,0.011900000000000022,3.5940803382663913
eval_by_0.05,1.7,stride_1.5s,0.3812,0.3041,378,313,0.343,0.292,0.1777,14.33957839012146,-0.038199999999999956,-10.020986358866725
eval_by_0.05,1.7,stride_1.65s,0.32,0.2578,378,281,0.336,0.294,0.1868,14.019248485565186,0.016000000000000014,5.000000000000004
eval_by_0.05,1.7,stride_1.6s,0.3565,0.2783,378,300,0.338,0.279,0.2408,14.326310873031616,-0.01849999999999996,-5.189340813464225
eval_by_0.05,1.7,stride_1.7s,0.3087,0.264,378,280,0.329,0.294,0.1619,14.125993490219116,0.02030000000000004,6.575963718820875
eval_by_0.05,1.8,stride_0.95s,0.4283,0.3243,378,385,0.346,0.278,0.1455,16.33500647544861,-0.08230000000000004,-19.215503151996273
eval_by_0.05,1.8,stride_0.9s,0.4444,0.3498,378,380,0.361,0.302,0.2312,16.111228466033936,-0.08340000000000003,-18.766876687668773
eval_by_0.05,1.8,stride_1.05s,0.4348,0.3271,378,383,0.356,0.291,0.2327,16.045612335205078,-0.07880000000000004,-18.123275068997245
eval_by_0.05,1.8,stride_1.0s,0.4151,0.3229,378,366,0.344,0.286,0.1748,15.759844064712524,-0.07110000000000005,-17.12840279450736
eval_by_0.05,1.8,stride_1.15s,0.4084,0.3242,378,357,0.353,0.292,0.171,15.548673391342165,-0.055400000000000005,-13.56513222331048
eval_by_0.05,1.8,stride_1.1s,0.3949,0.3227,378,343,0.347,0.294,0.18,15.314041137695312,-0.0479,-12.129653076728285
eval_by_0.05,1.8,stride_1.25s,0.3983,0.3178,378,324,0.36,0.305,0.1501,14.905755519866943,-0.0383,-9.615867436605575
eval_by_0.05,1.8,stride_1.2s,0.4017,0.3214,378,332,0.358,0.3,0.1614,14.72852110862732,-0.04370000000000002,-10.87876524769729
eval_by_0.05,1.8,stride_1.35s,0.3983,0.3305,378,320,0.35,0.303,0.1601,14.759623765945436,-0.04830000000000001,-12.126537785588756
eval_by_0.05,1.8,stride_1.3s,0.3601,0.295,378,316,0.336,0.284,0.1559,14.53131890296936,-0.024099999999999955,-6.692585392946391
eval_by_0.05,1.8,stride_1.45s,0.3565,0.3043,378,293,0.347,0.296,0.1965,14.630527019500732,-0.009500000000000008,-2.6647966339410964
eval_by_0.05,1.8,stride_1.4s,0.3457,0.2757,378,307,0.336,0.281,0.1963,14.42961883544922,-0.009699999999999986,-2.8059010702921565
eval_by_0.05,1.8,stride_1.55s,0.3457,0.2582,378,285,0.338,0.279,0.2636,14.587149381637571,-0.007699999999999985,-2.2273647671391337
eval_by_0.05,1.8,stride_1.5s,0.3636,0.2771,378,295,0.351,0.295,0.1919,14.545700788497925,-0.0126,-3.4653465346534658
eval_by_0.05,1.8,stride_1.65s,0.3457,0.2626,378,276,0.337,0.284,0.2586,13.985992431640623,-0.008699999999999986,-2.5166329187156453
eval_by_0.05,1.8,stride_1.6s,0.3274,0.2743,378,278,0.33,0.281,0.297,14.127347469329834,0.002599999999999991,0.7941356139279142
eval_by_0.05,1.8,stride_1.75s,0.3163,0.2405,378,264,0.336,0.283,0.1946,13.519951105117798,0.019699999999999995,6.228264306038569
eval_by_0.05,1.8,stride_1.7s,0.2935,0.2528,378,272,0.324,0.289,0.1659,13.647518634796144,0.030500000000000027,10.39182282793868
eval_by_0.05,1.8,stride_1.8s,0.3274,0.2611,378,262,0.345,0.293,0.1602,13.718777894973757,0.01759999999999995,5.3756872327428065
eval_by_0.05,1.9,stride_0.95s,0.4084,0.3074,378,335,0.349,0.284,0.3169,15.929337978363035,-0.05940000000000001,-14.544564152791384
eval_by_0.05,1.9,stride_1.05s,0.4151,0.3145,378,360,0.35,0.289,0.2814,16.03538465499878,-0.06510000000000005,-15.682967959527835
eval_by_0.05,1.9,stride_1.0s,0.3812,0.3126,378,338,0.337,0.289,0.177,15.783605337142944,-0.04419999999999996,-11.594963273871974
eval_by_0.05,1.9,stride_1.15s,0.3707,0.3103,378,327,0.34,0.29,0.1633,15.66485595703125,-0.03069999999999995,-8.281629349878596
eval_by_0.05,1.9,stride_1.1s,0.3812,0.3126,378,317,0.344,0.291,0.1747,15.241076231002808,-0.03720000000000001,-9.758656873032532
eval_by_0.05,1.9,stride_1.25s,0.3881,0.3156,378,315,0.359,0.305,0.1573,15.15485143661499,-0.029100000000000015,-7.498067508374135
eval_by_0.05,1.9,stride_1.2s,0.3742,0.3097,378,301,0.336,0.286,0.1494,14.739595413208008,-0.038199999999999956,-10.208444681988231
eval_by_0.05,1.9,stride_1.35s,0.3742,0.3097,378,293,0.339,0.292,0.1628,14.789289712905884,-0.035199999999999954,-9.40673436664884
eval_by_0.05,1.9,stride_1.3s,0.3672,0.2981,378,298,0.336,0.284,0.1626,14.669917583465576,-0.031200000000000006,-8.49673202614379
eval_by_0.05,1.9,stride_1.45s,0.2973,0.2658,378,262,0.331,0.295,0.1967,14.187231302261353,0.03370000000000001,11.335351496804577
eval_by_0.05,1.9,stride_1.4s,0.3049,0.2466,378,277,0.322,0.272,0.1697,14.37670874595642,0.017100000000000004,5.608396195473927
eval_by_0.05,1.9,stride_1.55s,0.3348,0.2643,378,259,0.346,0.295,0.1808,14.254788875579834,0.011199999999999988,3.3452807646356
eval_by_0.05,1.9,stride_1.5s,0.3421,0.2763,378,294,0.34,0.289,0.1813,14.82429027557373,-0.0020999999999999908,-0.6138555977784246
eval_by_0.05,1.9,stride_1.65s,0.3529,0.2745,378,253,0.342,0.289,0.2079,14.344894409179688,-0.010899999999999965,-3.088693680929432
eval_by_0.05,1.9,stride_1.6s,0.3125,0.2589,378,255,0.322,0.272,0.3023,14.204416990280151,0.009500000000000008,3.0400000000000027
eval_by_0.05,1.9,stride_1.75s,0.2896,0.2398,378,256,0.325,0.285,0.1976,13.696892023086548,0.03539999999999999,12.223756906077343
eval_by_0.05,1.9,stride_1.7s,0.2621,0.2207,378,242,0.316,0.283,0.1578,13.71327543258667,0.0539,20.564669973292638
eval_by_0.05,1.9,stride_1.85s,0.3348,0.2643,378,237,0.337,0.284,0.16,13.869277715682983,0.0022000000000000353,0.6571087216248612
eval_by_0.05,1.9,stride_1.8s,0.2857,0.2222,378,242,0.326,0.277,0.1496,13.63812518119812,0.0403,14.105705285264264
eval_by_0.05,1.9,stride_1.9s,0.2896,0.2172,378,231,0.325,0.272,0.3211,13.57533836364746,0.03539999999999999,12.223756906077343
eval_by_0.05,2.0,stride_1.05s,0.3949,0.3057,378,333,0.347,0.29,0.3005,15.172679901123049,-0.0479,-12.129653076728285
eval_by_0.05,2.0,stride_1.0s,0.4017,0.3214,378,316,0.35,0.297,0.1589,14.82986831665039,-0.051700000000000024,-12.870301219815788
eval_by_0.05,2.0,stride_1.15s,0.3672,0.3153,378,300,0.339,0.296,0.187,14.543893575668337,-0.028200000000000003,-7.6797385620915035
eval_by_0.05,2.0,stride_1.1s,0.3881,0.3156,378,307,0.347,0.294,0.1618,14.567322015762327,-0.041100000000000025,-10.590054109765532
eval_by_0.05,2.0,stride_1.25s,0.3672,0.2981,378,285,0.352,0.3,0.166,14.360561609268188,-0.015200000000000047,-4.13943355119827
eval_by_0.05,2.0,stride_1.2s,0.3636,0.3074,378,298,0.335,0.294,0.1931,14.49020290374756,-0.02859999999999996,-7.865786578657855
eval_by_0.05,2.0,stride_1.35s,0.3493,0.2795,378,275,0.341,0.292,0.1714,14.361911058425903,-0.008299999999999974,-2.3761809332951542
eval_by_0.05,2.0,stride_1.3s,0.3529,0.2789,378,277,0.331,0.278,0.1534,13.920063495635986,-0.021899999999999975,-6.205724001133459
eval_by_0.05,2.0,stride_1.45s,0.3125,0.2589,378,250,0.348,0.3,0.1547,13.439092636108398,0.035499999999999976,11.359999999999992
eval_by_0.05,2.0,stride_1.4s,0.3237,0.2572,378,267,0.332,0.277,0.1788,13.720611572265623,0.00830000000000003,2.564102564102573
eval_by_0.05,2.0,stride_1.55s,0.3049,0.2377,378,240,0.325,0.28,0.1862,13.42320203781128,0.020100000000000007,6.592325352574617
eval_by_0.05,2.0,stride_1.5s,0.32,0.2667,378,274,0.33,0.286,0.1724,13.790184259414673,0.010000000000000009,3.1250000000000027
eval_by_0.05,2.0,stride_1.65s,0.3457,0.2582,378,245,0.341,0.287,0.2237,13.446976900100708,-0.004699999999999982,-1.3595603124095985
eval_by_0.05,2.0,stride_1.6s,0.3049,0.2466,378,248,0.334,0.287,0.1574,13.6228609085083,0.029100000000000015,9.544112823876686
eval_by_0.05,2.0,stride_1.75s,0.2857,0.2268,378,240,0.327,0.277,0.187,13.195011854171751,0.0413,14.455722786139308
eval_by_0.05,2.0,stride_1.7s,0.2896,0.2443,378,246,0.32,0.284,0.1616,14.344378232955933,0.030399999999999983,10.497237569060767
eval_by_0.05,2.0,stride_1.85s,0.3237,0.2483,378,225,0.342,0.288,0.1329,13.75040078163147,0.01830000000000004,5.653382761816509
eval_by_0.05,2.0,stride_1.8s,0.2857,0.2222,378,231,0.333,0.285,0.1511,14.089728355407717,0.04730000000000001,16.55582779138957
eval_by_0.05,2.0,stride_1.95s,0.2779,0.2141,378,227,0.329,0.283,0.2999,14.284915208816528,0.051100000000000034,18.387909319899258
eval_by_0.05,2.0,stride_1.9s,0.2661,0.1972,378,215,0.328,0.278,0.3156,13.306485652923584,0.06190000000000001,23.261931604659907
eval_by_0.05,2.0,stride_2.0s,0.27,0.2243,378,211,0.319,0.289,0.1543,13.14572787284851,0.04899999999999999,18.148148148148145
eval_percent,0.3,stride_10.0%,0.996,0.7782,378,11211,0.402,0.297,0.2792,122.55076050758362,-0.594,-59.63855421686747
eval_percent,0.3,stride_100.0%,0.8964,0.727,378,5604,0.384,0.321,0.3161,53.262192249298096,-0.5124,-57.1619812583668
eval_percent,0.3,stride_20.0%,0.992,0.7947,378,10256,0.4,0.311,0.2883,103.21933794021606,-0.592,-59.67741935483871
eval_percent,0.3,stride_30.0%,0.9825,0.8156,378,9453,0.402,0.33,0.2995,93.90002703666688,-0.5805,-59.083969465648856
eval_percent,0.3,stride_40.0%,0.9811,0.7978,378,8445,0.398,0.32,0.3061,83.63778138160706,-0.5831,-59.4332891652227
eval_percent,0.3,stride_50.0%,0.9686,0.8104,378,8151,0.4,0.342,0.3116,78.11425375938416,-0.5686,-58.70328308899442
eval_percent,0.3,stride_60.0%,0.9544,0.7911,378,7216,0.393,0.33,0.3122,71.303151845932,-0.5614,-58.822296730930425
eval_percent,0.3,stride_70.0%,0.9382,0.7781,378,7400,0.379,0.315,0.3348,69.52964496612549,-0.5592,-59.60349605627798
eval_percent,0.3,stride_80.0%,0.9322,0.7599,378,6582,0.39,0.323,0.3404,62.32759141921997,-0.5422,-58.16348423085175
eval_percent,0.3,stride_90.0%,0.9059,0.7554,378,6130,0.384,0.327,0.3263,60.62238645553589,-0.5219,-57.611215365934434
eval_percent,0.4,stride_10.0%,0.9811,0.7844,378,7719,0.398,0.306,0.261,90.31714916229248,-0.5831,-59.4332891652227
eval_percent,0.4,stride_100.0%,0.8261,0.7019,378,3625,0.391,0.342,0.3014,41.89696216583252,-0.43509999999999993,-52.66916838155187
eval_percent,0.4,stride_20.0%,0.977,0.7984,378,6827,0.399,0.321,0.2605,78.01221919059753,-0.578,-59.16069600818833
eval_percent,0.4,stride_30.0%,0.9658,0.7907,378,6176,0.396,0.325,0.2684,67.48964953422546,-0.5698,-58.997722095671975
eval_percent,0.4,stride_40.0%,0.9558,0.7901,378,5587,0.397,0.326,0.2729,60.065473318099976,-0.5588,-58.464113831345465
eval_percent,0.4,stride_50.0%,0.9456,0.8033,378,5342,0.4,0.347,0.2898,56.796250104904175,-0.5456,-57.69881556683587
eval_percent,0.4,stride_60.0%,0.9246,0.7539,378,4763,0.38,0.316,0.2912,52.30570459365845,-0.5446,-58.90114644170452
eval_percent,0.4,stride_70.0%,0.9075,0.7717,378,4678,0.403,0.348,0.3083,50.30753803253174,-0.5045,-55.59228650137741
eval_percent,0.4,stride_80.0%,0.875,0.7292,378,4315,0.39,0.331,0.2931,47.00852847099304,-0.485,-55.42857142857143
eval_percent,0.4,stride_90.0%,0.8649,0.7207,378,3863,0.375,0.321,0.3021,42.59031629562378,-0.4899,-56.64238640305238
eval_percent,0.5,stride_10.0%,0.9714,0.7864,378,5700,0.405,0.325,0.2429,71.7022602558136,-0.5664,-58.30759728227301
eval_percent,0.5,stride_100.0%,0.7707,0.6699,378,2528,0.363,0.319,0.2949,32.643388986587524,-0.40770000000000006,-52.899961074348
eval_percent,0.5,stride_20.0%,0.9615,0.8022,378,5018,0.403,0.336,0.2534,61.617923736572266,-0.5585,-58.08632345293812
eval_percent,0.5,stride_30.0%,0.9382,0.7781,378,4497,0.407,0.347,0.2418,53.93592810630798,-0.5312000000000001,-56.61905777019827
eval_percent,0.5,stride_40.0%,0.9246,0.7767,378,4110,0.394,0.336,0.2811,48.69650864601135,-0.5306,-57.38697815271468
eval_percent,0.5,stride_50.0%,0.9012,0.7587,378,3743,0.392,0.338,0.2622,44.25744700431824,-0.5092,-56.50244118952508
eval_percent,0.5,stride_60.0%,0.88,0.72,378,3415,0.39,0.331,0.2744,39.84381890296936,-0.49,-55.68181818181818
eval_percent,0.5,stride_70.0%,0.8545,0.7121,378,3183,0.395,0.339,0.2958,37.33269238471985,-0.4595,-53.77413692217671
eval_percent,0.5,stride_80.0%,0.8369,0.7015,378,2983,0.386,0.332,0.2897,35.78374910354614,-0.45089999999999997,-53.877404707850395
eval_percent,0.5,stride_90.0%,0.8,0.6635,378,2721,0.366,0.312,0.2867,33.05036234855652,-0.43400000000000005,-54.25
eval_percent,0.6,stride_10.0%,0.9572,0.7724,378,4156,0.394,0.313,0.2257,55.89562106132507,-0.5632,-58.838278311742584
eval_percent,0.6,stride_100.0%,0.7077,0.5915,378,1807,0.361,0.315,0.2886,26.238941192626957,-0.3467,-48.98968489472941
eval_percent,0.6,stride_20.0%,0.9382,0.7753,378,3767,0.393,0.329,0.2303,48.69860553741455,-0.5452,-58.11127691323812
eval_percent,0.6,stride_30.0%,0.9043,0.7449,378,3373,0.399,0.341,0.2465,43.48723840713501,-0.5053,-55.87747428950569
eval_percent,0.6,stride_40.0%,0.885,0.7375,378,3108,0.383,0.322,0.2666,39.430541038513184,-0.502,-56.72316384180791
eval_percent,0.6,stride_50.0%,0.8614,0.7229,378,2726,0.39,0.333,0.2599,36.32721424102783,-0.47140000000000004,-54.724866496401205
eval_percent,0.6,stride_60.0%,0.8405,0.6933,378,2635,0.399,0.345,0.2612,34.81615209579468,-0.4415,-52.52825698988697
eval_percent,0.6,stride_70.0%,0.8113,0.6887,378,2365,0.369,0.325,0.2591,32.10208749771118,-0.4423,-54.517441143843214
eval_percent,0.6,stride_80.0%,0.7566,0.6382,378,2185,0.357,0.31,0.286,29.639380931854248,-0.39960000000000007,-52.815226011102304
eval_percent,0.6,stride_90.0%,0.7442,0.6379,378,1968,0.375,0.329,0.2927,27.953145027160645,-0.3692,-49.610319806503625
eval_percent,0.7,stride_10.0%,0.9307,0.7553,378,3336,0.389,0.307,0.2072,49.08790612220764,-0.5417,-58.203502739873215
eval_percent,0.7,stride_100.0%,0.6279,0.5445,378,1359,0.336,0.3,0.2665,23.066872119903564,-0.2919,-46.48829431438127
eval_percent,0.7,stride_20.0%,0.9012,0.7529,378,2935,0.384,0.317,0.2215,43.338680028915405,-0.5172,-57.39014647137151
eval_percent,0.7,stride_30.0%,0.8817,0.7456,378,2650,0.396,0.331,0.2356,38.341532945632935,-0.4857,-55.08676420551208
eval_percent,0.7,stride_40.0%,0.8387,0.7005,378,2404,0.389,0.332,0.262,34.43311619758606,-0.4497,-53.618695600333844
eval_percent,0.7,stride_50.0%,0.8132,0.6907,378,2089,0.375,0.326,0.2467,31.877422332763672,-0.43820000000000003,-53.88588293162814
eval_percent,0.7,stride_60.0%,0.7846,0.6785,378,2028,0.362,0.319,0.262,30.280654191970825,-0.4226,-53.86184042824369
eval_percent,0.7,stride_70.0%,0.7647,0.6438,378,1823,0.382,0.326,0.2863,28.92732882499695,-0.38270000000000004,-50.04576958284295
eval_percent,0.7,stride_80.0%,0.692,0.5917,378,1652,0.356,0.312,0.269,26.705838918685917,-0.33599999999999997,-48.554913294797686
eval_percent,0.7,stride_90.0%,0.7121,0.6133,378,1523,0.365,0.322,0.2789,25.00332736968994,-0.34709999999999996,-48.743154051397276
eval_percent,0.8,stride_10.0%,0.898,0.7318,378,2604,0.393,0.32,0.1986,42.7853901386261,-0.505,-56.23608017817372
eval_percent,0.8,stride_100.0%,0.5922,0.4991,378,1117,0.354,0.311,0.2788,20.910234689712524,-0.23819999999999997,-40.22289766970618
eval_percent,0.8,stride_20.0%,0.8597,0.7029,378,2327,0.382,0.314,0.2046,37.189518213272095,-0.4777,-55.56589507967896
eval_percent,0.8,stride_30.0%,0.8315,0.6862,378,2040,0.383,0.32,0.2227,32.21855568885803,-0.4485,-53.9386650631389
eval_percent,0.8,stride_40.0%,0.7904,0.6528,378,1919,0.369,0.309,0.2218,30.561378479003903,-0.4214,-53.314777327935225
eval_percent,0.8,stride_50.0%,0.7627,0.635,378,1651,0.367,0.316,0.2275,27.24192452430725,-0.39570000000000005,-51.8814737118133
eval_percent,0.8,stride_60.0%,0.7208,0.6058,378,1545,0.372,0.321,0.2619,25.558921098709103,-0.3488,-48.39067702552719
eval_percent,0.8,stride_70.0%,0.692,0.5744,378,1419,0.366,0.311,0.2484,24.03758335113525,-0.32599999999999996,-47.10982658959537
eval_percent,0.8,stride_80.0%,0.65,0.5571,378,1288,0.351,0.307,0.2642,22.72180557250977,-0.29900000000000004,-46.00000000000001
eval_percent,0.8,stride_90.0%,0.6403,0.536,378,1169,0.378,0.328,0.2372,21.16293716430664,-0.2623,-40.965172575355304
eval_percent,0.9,stride_10.0%,0.858,0.6767,378,2128,0.388,0.309,0.1924,35.98507261276245,-0.47,-54.77855477855478
eval_percent,0.9,stride_100.0%,0.5655,0.4592,378,893,0.369,0.319,0.2444,19.145248889923096,-0.1965,-34.748010610079575
eval_percent,0.9,stride_20.0%,0.8094,0.6614,378,1843,0.388,0.324,0.2129,31.43550539016724,-0.4214,-52.06325673338276
eval_percent,0.9,stride_30.0%,0.7826,0.6216,378,1703,0.375,0.306,0.2085,30.32723903656006,-0.40759999999999996,-52.08280092001022
eval_percent,0.9,stride_40.0%,0.7442,0.6179,378,1479,0.369,0.311,0.2229,28.0321261882782,-0.3752,-50.41655468959957
eval_percent,0.9,stride_50.0%,0.7208,0.6058,378,1341,0.385,0.331,0.2236,25.96992373466492,-0.3358,-46.587125416204216
eval_percent,0.9,stride_60.0%,0.6737,0.5474,378,1267,0.372,0.313,0.2519,24.472350597381592,-0.30169999999999997,-44.782544159121265
eval_percent,0.9,stride_70.0%,0.6279,0.5662,378,1169,0.354,0.324,0.2504,21.72670197486877,-0.27390000000000003,-43.621595795508846
eval_percent,0.9,stride_80.0%,0.6077,0.512,378,1037,0.354,0.303,0.2296,19.860398292541504,-0.25370000000000004,-41.747572815533985
eval_percent,0.9,stride_90.0%,0.5736,0.4943,378,953,0.331,0.293,0.259,19.0852689743042,-0.24259999999999998,-42.29428172942817
eval_percent,1.0,stride_10.0%,0.8333,0.6327,378,1809,0.379,0.298,0.2045,30.025609970092773,-0.45430000000000004,-54.518180727229094
eval_percent,1.0,stride_100.0%,0.5377,0.441,378,696,0.349,0.299,0.2258,15.938819885253906,-0.18869999999999998,-35.09391854193788
eval_percent,1.0,stride_20.0%,0.7962,0.6115,378,1538,0.376,0.302,0.2153,25.84021019935608,-0.4202,-52.77568450138156
eval_percent,1.0,stride_30.0%,0.7442,0.5914,378,1369,0.379,0.314,0.2005,23.153897523880005,-0.36519999999999997,-49.07282988443967
eval_percent,1.0,stride_40.0%,0.7273,0.5657,378,1249,0.375,0.305,0.197,22.35800552368164,-0.35229999999999995,-48.43943352124295
eval_percent,1.0,stride_50.0%,0.669,0.5599,378,1083,0.369,0.318,0.222,22.58949303627014,-0.30000000000000004,-44.843049327354265
eval_percent,1.0,stride_60.0%,0.6596,0.5284,378,1030,0.371,0.312,0.2024,22.072354793548584,-0.28859999999999997,-43.75379017586416
eval_percent,1.0,stride_70.0%,0.6179,0.5009,378,953,0.361,0.304,0.2775,21.3953857421875,-0.2569,-41.576306845767924
eval_percent,1.0,stride_80.0%,0.5709,0.4802,378,878,0.344,0.296,0.2392,20.49633502960205,-0.2269,-39.74426344368541
eval_percent,1.0,stride_90.0%,0.5377,0.4565,378,775,0.342,0.301,0.2333,17.91798186302185,-0.19569999999999993,-36.395759717314476
eval_percent,1.1,stride_10.0%,0.8,0.5905,378,1542,0.393,0.308,0.1971,29.40686178207397,-0.40700000000000003,-50.875
eval_percent,1.1,stride_100.0%,0.488,0.392,378,597,0.351,0.303,0.2821,15.80145502090454,-0.137,-28.07377049180328
eval_percent,1.1,stride_20.0%,0.7566,0.5559,378,1292,0.382,0.299,0.2116,25.160088062286377,-0.37460000000000004,-49.51097012952683
eval_percent,1.1,stride_30.0%,0.7077,0.5538,378,1181,0.37,0.305,0.2169,23.07888960838318,-0.3377,-47.71795958739579
eval_percent,1.1,stride_40.0%,0.6737,0.4982,378,1055,0.379,0.302,0.2361,20.5348916053772,-0.29469999999999996,-43.74350601157785
eval_percent,1.1,stride_50.0%,0.6204,0.4964,378,888,0.375,0.319,0.2363,18.55149531364441,-0.24539999999999995,-39.555125725338485
eval_percent,1.1,stride_60.0%,0.6026,0.4547,378,860,0.362,0.294,0.1991,17.828349351882935,-0.24060000000000004,-39.92698307334883
eval_percent,1.1,stride_70.0%,0.5655,0.463,378,763,0.355,0.299,0.1815,17.007039785385132,-0.21050000000000002,-37.2236958443855
eval_percent,1.1,stride_80.0%,0.5405,0.4363,378,740,0.357,0.301,0.1702,16.761285066604614,-0.1835,-33.95004625346901
eval_percent,1.1,stride_90.0%,0.4444,0.3663,378,653,0.332,0.285,0.2097,17.1602942943573,-0.1124,-25.292529252925295
eval_percent,1.2,stride_10.0%,0.7727,0.5617,378,1293,0.402,0.309,0.1805,29.14288067817688,-0.37070000000000003,-47.97463439886114
eval_percent,1.2,stride_100.0%,0.454,0.3763,378,527,0.341,0.294,0.2023,16.498616933822632,-0.11299999999999999,-24.88986784140969
eval_percent,1.2,stride_20.0%,0.7033,0.5283,378,1107,0.379,0.304,0.1935,26.45142269134521,-0.32430000000000003,-46.11119010379639
eval_percent,1.2,stride_30.0%,0.6714,0.5167,378,974,0.376,0.301,0.1778,24.803969621658325,-0.2954,-43.99761691986893
eval_percent,1.2,stride_40.0%,0.6103,0.4853,378,891,0.371,0.311,0.212,22.97751760482788,-0.23929999999999996,-39.210224479764044
eval_percent,1.2,stride_50.0%,0.6,0.4778,378,792,0.366,0.304,0.2285,20.893275499343872,-0.23399999999999999,-39.0
eval_percent,1.2,stride_60.0%,0.5176,0.4275,378,747,0.351,0.302,0.2283,20.066956043243408,-0.16659999999999997,-32.18701700154559
eval_percent,1.2,stride_70.0%,0.5234,0.418,378,642,0.35,0.293,0.1745,18.118300914764404,-0.1734,-33.129537638517384
eval_percent,1.2,stride_80.0%,0.5059,0.415,378,623,0.369,0.315,0.1811,17.375089168548584,-0.13690000000000002,-27.060683929630365
eval_percent,1.2,stride_90.0%,0.4315,0.3485,378,543,0.341,0.296,0.1687,16.053818464279175,-0.09049999999999997,-20.973348783314012
eval_percent,1.3,stride_10.0%,0.7627,0.5401,378,1143,0.395,0.299,0.1628,25.813041925430294,-0.3677,-48.210305493641016
eval_percent,1.3,stride_100.0%,0.3983,0.3263,378,478,0.339,0.297,0.1963,14.947997331619264,-0.059299999999999964,-14.888275169470239
eval_percent,1.3,stride_20.0%,0.7099,0.5222,378,946,0.388,0.306,0.1785,21.321738243103027,-0.32189999999999996,-45.34441470629666
eval_percent,1.3,stride_30.0%,0.6452,0.5161,378,874,0.372,0.307,0.1801,19.708573818206787,-0.2732,-42.34345939243646
eval_percent,1.3,stride_40.0%,0.6,0.4704,378,763,0.358,0.293,0.206,17.80341386795044,-0.242,-40.33333333333333
eval_percent,1.3,stride_50.0%,0.5545,0.4436,378,701,0.363,0.303,0.1908,16.952894687652588,-0.1915,-34.53561767357981
eval_percent,1.3,stride_60.0%,0.5434,0.4509,378,646,0.354,0.306,0.1949,15.910944700241089,-0.1894,-34.85461906514538
eval_percent,1.3,stride_70.0%,0.5089,0.4181,378,586,0.358,0.306,0.2553,15.283974409103394,-0.15090000000000003,-29.65219100019651
eval_percent,1.3,stride_80.0%,0.4727,0.3758,378,535,0.345,0.292,0.2308,14.574428796768188,-0.12770000000000004,-27.015020097313315
eval_percent,1.3,stride_90.0%,0.4508,0.3607,378,493,0.347,0.293,0.2172,14.168952941894531,-0.1038,-23.025732031943214
eval_percent,1.4,stride_10.0%,0.7273,0.5152,378,996,0.392,0.296,0.1549,22.278063774108887,-0.33529999999999993,-46.10202117420596
eval_percent,1.4,stride_100.0%,0.3983,0.3093,378,396,0.33,0.272,0.3202,13.326963186264038,-0.06829999999999997,-17.147878483555104
eval_percent,1.4,stride_20.0%,0.6667,0.4832,378,853,0.382,0.295,0.1524,19.89625382423401,-0.28469999999999995,-42.70286485675715
eval_percent,1.4,stride_30.0%,0.6204,0.4927,378,749,0.377,0.314,0.1661,18.16839599609375,-0.24339999999999995,-39.23275306254029
eval_percent,1.4,stride_40.0%,0.5682,0.4242,378,682,0.375,0.302,0.1636,16.854230403900146,-0.19320000000000004,-34.00211193241817
eval_percent,1.4,stride_50.0%,0.5263,0.4016,378,598,0.366,0.299,0.312,16.691549062728882,-0.1603,-30.457913737412124
eval_percent,1.4,stride_60.0%,0.5234,0.4102,378,570,0.366,0.304,0.1661,16.16724395751953,-0.15739999999999998,-30.072602216278177
eval_percent,1.4,stride_70.0%,0.4348,0.3313,378,511,0.348,0.283,0.1609,15.448115587234495,-0.08680000000000004,-19.96320147194113
eval_percent,1.4,stride_80.0%,0.454,0.3722,378,477,0.347,0.297,0.1702,15.889098644256592,-0.10700000000000004,-23.568281938326
eval_percent,1.4,stride_90.0%,0.4118,0.3361,378,411,0.341,0.294,0.2124,14.780240058898926,-0.07079999999999997,-17.19281204468188
eval_percent,1.5,stride_10.0%,0.701,0.5189,378,886,0.385,0.301,0.1692,23.551780939102173,-0.31599999999999995,-45.07845934379458
eval_percent,1.5,stride_100.0%,0.3812,0.3298,378,347,0.332,0.293,0.1748,15.036388397216797,-0.049199999999999966,-12.906610703043015
eval_percent,1.5,stride_20.0%,0.6354,0.4946,378,738,0.38,0.307,0.1664,20.44099497795105,-0.25539999999999996,-40.195152659741886
eval_percent,1.5,stride_30.0%,0.5736,0.4528,378,657,0.369,0.301,0.1932,18.634746074676517,-0.2046,-35.66945606694561
eval_percent,1.5,stride_40.0%,0.5147,0.4165,378,583,0.36,0.302,0.1826,16.332247257232666,-0.15470000000000006,-30.056343501068593
eval_percent,1.5,stride_50.0%,0.5176,0.4314,378,517,0.348,0.294,0.2172,15.18056607246399,-0.16959999999999997,-32.766615146831526
eval_percent,1.5,stride_60.0%,0.488,0.392,378,511,0.362,0.307,0.1989,14.864954710006714,-0.126,-25.81967213114754
eval_percent,1.5,stride_70.0%,0.425,0.35,378,457,0.341,0.286,0.1939,14.203327894210815,-0.08399999999999996,-19.764705882352935
eval_percent,1.5,stride_80.0%,0.4084,0.3411,378,391,0.343,0.293,0.1943,13.387739896774292,-0.06539999999999996,-16.013712047012724
eval_percent,1.5,stride_90.0%,0.3846,0.3333,378,379,0.335,0.295,0.1662,13.298115730285645,-0.04959999999999998,-12.89651586063442
eval_percent,1.6,stride_10.0%,0.676,0.4834,378,762,0.389,0.299,0.1907,19.87004923820496,-0.28700000000000003,-42.455621301775146
eval_percent,1.6,stride_100.0%,0.3311,0.2737,378,313,0.333,0.286,0.1923,12.902468204498293,0.0019000000000000128,0.5738447598912754
eval_percent,1.6,stride_20.0%,0.6128,0.4661,378,651,0.374,0.295,0.171,18.17230653762817,-0.2388,-38.96866840731071
eval_percent,1.6,stride_30.0%,0.5843,0.4457,378,591,0.387,0.314,0.1978,17.220966339111328,-0.19730000000000003,-33.76690056477837
eval_percent,1.6,stride_40.0%,0.488,0.392,378,523,0.347,0.284,0.2165,16.15194082260132,-0.14100000000000001,-28.893442622950822
eval_percent,1.6,stride_50.0%,0.491,0.4032,378,462,0.364,0.307,0.1825,15.520219326019289,-0.127,-25.865580448065174
eval_percent,1.6,stride_60.0%,0.4727,0.3838,378,444,0.356,0.299,0.1803,14.935067415237429,-0.11670000000000003,-24.687962767082723
eval_percent,1.6,stride_70.0%,0.4476,0.3655,378,406,0.353,0.3,0.1591,13.959469318389893,-0.09460000000000002,-21.13494191242181
eval_percent,1.6,stride_80.0%,0.3529,0.2876,378,358,0.326,0.276,0.2122,13.260646104812622,-0.02689999999999998,-7.622555964862561
eval_percent,1.6,stride_90.0%,0.3812,0.3084,378,347,0.35,0.3,0.227,13.016414880752563,-0.031200000000000006,-8.184679958027283
eval_percent,1.7,stride_10.0%,0.6279,0.4755,378,694,0.379,0.296,0.2069,19.475290298461918,-0.2489,-39.64007007485269
eval_percent,1.7,stride_100.0%,0.3087,0.264,378,280,0.329,0.294,0.1619,12.290402889251707,0.02030000000000004,6.575963718820875
eval_percent,1.7,stride_20.0%,0.5869,0.4486,378,580,0.377,0.305,0.2184,17.15218448638916,-0.20989999999999998,-35.76418469926733
eval_percent,1.7,stride_30.0%,0.5462,0.4192,378,523,0.376,0.305,0.177,15.782799243927002,-0.17020000000000002,-31.16074697912853
eval_percent,1.7,stride_40.0%,0.5059,0.3992,378,476,0.366,0.303,0.2452,14.889098405838013,-0.13990000000000002,-27.653686499308165
eval_percent,1.7,stride_50.0%,0.4444,0.3498,378,412,0.353,0.291,0.1393,13.812955379486084,-0.09140000000000004,-20.567056705670574
eval_percent,1.7,stride_60.0%,0.438,0.3554,378,378,0.36,0.302,0.1803,13.250889301300049,-0.07800000000000001,-17.808219178082194
eval_percent,1.7,stride_70.0%,0.3983,0.3305,378,375,0.348,0.294,0.1519,13.401402711868286,-0.05030000000000001,-12.62867185538539
eval_percent,1.7,stride_80.0%,0.3881,0.3241,378,333,0.351,0.302,0.1762,13.045179843902588,-0.03710000000000002,-9.559391909301732
eval_percent,1.7,stride_90.0%,0.3812,0.2998,378,300,0.355,0.306,0.1831,12.537693977355955,-0.0262,-6.873032528856244
eval_percent,1.8,stride_10.0%,0.6378,0.4685,378,617,0.396,0.31,0.1983,19.01780796051025,-0.24180000000000001,-37.91157102539981
eval_percent,1.8,stride_100.0%,0.3274,0.2611,378,262,0.345,0.293,0.1602,12.447619915008543,0.01759999999999995,5.3756872327428065
eval_percent,1.8,stride_20.0%,0.5816,0.4353,378,523,0.385,0.309,0.1876,17.300485372543335,-0.1966,-33.803301237964234
eval_percent,1.8,stride_30.0%,0.5205,0.4031,378,471,0.375,0.308,0.1957,16.20689868927002,-0.14549999999999996,-27.95389048991354
eval_percent,1.8,stride_40.0%,0.4758,0.3871,378,426,0.373,0.314,0.1519,14.690433979034424,-0.1028,-21.605716687683902
eval_percent,1.8,stride_50.0%,0.4444,0.3498,378,380,0.361,0.302,0.2312,13.83021855354309,-0.08340000000000003,-18.766876687668773
eval_percent,1.8,stride_60.0%,0.4151,0.3187,378,360,0.354,0.294,0.2181,13.79602837562561,-0.06110000000000004,-14.71934473620815
eval_percent,1.8,stride_70.0%,0.3915,0.2979,378,305,0.349,0.287,0.2051,12.84759783744812,-0.04250000000000004,-10.855683269476382
eval_percent,1.8,stride_80.0%,0.3881,0.3241,378,304,0.357,0.306,0.1611,12.954881191253662,-0.031100000000000017,-8.013398608606034
eval_percent,1.8,stride_90.0%,0.3493,0.2969,378,286,0.341,0.303,0.1748,12.64352822303772,-0.008299999999999974,-2.3761809332951542
eval_percent,1.9,stride_10.0%,0.6052,0.4428,378,569,0.386,0.3,0.2391,18.2146430015564,-0.21919999999999995,-36.21943159286186
eval_percent,1.9,stride_100.0%,0.2896,0.2172,378,231,0.325,0.272,0.3211,11.854368925094604,0.03539999999999999,12.223756906077343
eval_percent,1.9,stride_20.0%,0.5405,0.4093,378,487,0.375,0.303,0.2456,16.19108748435974,-0.16549999999999998,-30.61979648473635
eval_percent,1.9,stride_30.0%,0.491,0.3713,378,421,0.379,0.31,0.1438,14.934139490127563,-0.11199999999999999,-22.810590631364562
eval_percent,1.9,stride_40.0%,0.454,0.3599,378,389,0.355,0.291,0.148,14.009324312210085,-0.09900000000000003,-21.806167400881062
eval_percent,1.9,stride_50.0%,0.4084,0.3074,378,335,0.349,0.284,0.3169,14.155604124069214,-0.05940000000000001,-14.544564152791384
eval_percent,1.9,stride_60.0%,0.4118,0.3235,378,315,0.365,0.306,0.1565,14.036346435546877,-0.04680000000000001,-11.364740165128705
eval_percent,1.9,stride_70.0%,0.3983,0.3051,378,292,0.349,0.28,0.3059,13.791980981826782,-0.04930000000000001,-12.377604820487074
eval_percent,1.9,stride_80.0%,0.3565,0.3,378,283,0.343,0.298,0.1559,13.582367658615112,-0.013499999999999956,-3.7868162692847007
eval_percent,1.9,stride_90.0%,0.3311,0.2737,378,252,0.345,0.303,0.1918,12.666449069976808,0.013899999999999968,4.198127453941398
eval_percent,2.0,stride_10.0%,0.5545,0.4015,378,503,0.382,0.302,0.248,17.493704319000244,-0.1725,-31.109107303877366
eval_percent,2.0,stride_100.0%,0.27,0.2243,378,211,0.319,0.289,0.1543,11.52601408958435,0.04899999999999999,18.148148148148145
eval_percent,2.0,stride_20.0%,0.5059,0.3913,378,432,0.373,0.307,0.1826,15.95957374572754,-0.13290000000000002,-26.27001383672663
eval_percent,2.0,stride_30.0%,0.4789,0.3823,378,387,0.37,0.312,0.1859,14.743973731994627,-0.1089,-22.739611609939445
eval_percent,2.0,stride_40.0%,0.425,0.3375,378,349,0.355,0.297,0.1674,14.193156242370604,-0.07,-16.47058823529412
eval_percent,2.0,stride_50.0%,0.4017,0.3214,378,316,0.35,0.297,0.1589,13.63638710975647,-0.051700000000000024,-12.870301219815788
eval_percent,2.0,stride_60.0%,0.3636,0.3074,378,298,0.335,0.294,0.1931,13.076976776123049,-0.02859999999999996,-7.865786578657855
eval_percent,2.0,stride_70.0%,0.3237,0.2572,378,267,0.332,0.277,0.1788,12.754492282867432,0.00830000000000003,2.564102564102573
eval_percent,2.0,stride_80.0%,0.3049,0.2466,378,248,0.334,0.287,0.1574,12.062805891036987,0.029100000000000015,9.544112823876686
eval_percent,2.0,stride_90.0%,0.2857,0.2222,378,231,0.333,0.285,0.1511,11.068268060684204,0.04730000000000001,16.55582779138957
