eval_type,window_size,stride_value,stride_type,stride_label,overall_mean_iou,binary_f1,multiclass_f1,best_iou_threshold_f1
eval_by_0.05,0.3,0.125,absolute,0.125s,0.2481,0.392,0.324,0.438
eval_by_0.05,0.3,0.15,absolute,0.15s,0.2414,0.4,0.341,0.447
eval_by_0.05,0.3,0.25,absolute,0.25s,0.2299,0.38,0.316,0.466
eval_by_0.05,0.3,0.2,absolute,0.2s,0.2343,0.393,0.325,0.44
eval_by_0.05,0.3,0.3,absolute,0.3s,0.2164,0.384,0.32,0.445
eval_by_0.05,0.4,0.25,absolute,0.25s,0.2113,0.386,0.332,0.394
eval_by_0.05,0.4,0.2,absolute,0.2s,0.2187,0.401,0.345,0.385
eval_by_0.05,0.4,0.35,absolute,0.35s,0.1946,0.391,0.33,0.379
eval_by_0.05,0.4,0.3,absolute,0.3s,0.2055,0.385,0.326,0.4
eval_by_0.05,0.4,0.4,absolute,0.4s,0.1784,0.391,0.343,0.388
eval_by_0.05,0.5,0.25,absolute,0.25s,0.1905,0.389,0.339,0.272
eval_by_0.05,0.5,0.35,absolute,0.35s,0.1733,0.393,0.339,0.298
eval_by_0.05,0.5,0.3,absolute,0.3s,0.1822,0.388,0.329,0.295
eval_by_0.05,0.5,0.45,absolute,0.45s,0.1651,0.366,0.313,0.336
eval_by_0.05,0.5,0.4,absolute,0.4s,0.1721,0.386,0.333,0.329
eval_by_0.05,0.5,0.5,absolute,0.5s,0.1601,0.361,0.317,0.307
eval_by_0.05,0.6,0.35,absolute,0.35s,0.1631,0.383,0.33,0.244
eval_by_0.05,0.6,0.3,absolute,0.3s,0.1682,0.39,0.339,0.218
eval_by_0.05,0.6,0.45,absolute,0.45s,0.151,0.371,0.323,0.264
eval_by_0.05,0.6,0.4,absolute,0.4s,0.1688,0.39,0.336,0.281
eval_by_0.05,0.6,0.55,absolute,0.55s,0.1478,0.378,0.334,0.268
eval_by_0.05,0.6,0.5,absolute,0.5s,0.1508,0.386,0.34,0.258
eval_by_0.05,0.6,0.6,absolute,0.6s,0.1346,0.361,0.316,0.261
eval_by_0.05,0.7,0.35,absolute,0.35s,0.1518,0.375,0.327,0.187
eval_by_0.05,0.7,0.45,absolute,0.45s,0.1468,0.386,0.339,0.209
eval_by_0.05,0.7,0.4,absolute,0.4s,0.1524,0.371,0.328,0.196
eval_by_0.05,0.7,0.55,absolute,0.55s,0.1374,0.378,0.327,0.198
eval_by_0.05,0.7,0.5,absolute,0.5s,0.1405,0.386,0.339,0.171
eval_by_0.05,0.7,0.65,absolute,0.65s,0.1263,0.352,0.315,0.186
eval_by_0.05,0.7,0.6,absolute,0.6s,0.1326,0.35,0.309,0.198
eval_by_0.05,0.7,0.7,absolute,0.7s,0.1191,0.336,0.3,0.19
eval_by_0.05,0.8,0.45,absolute,0.45s,0.1303,0.38,0.326,0.164
eval_by_0.05,0.8,0.4,absolute,0.4s,0.1391,0.367,0.316,0.153
eval_by_0.05,0.8,0.55,absolute,0.55s,0.1247,0.37,0.318,0.152
eval_by_0.05,0.8,0.5,absolute,0.5s,0.1332,0.371,0.333,0.152
eval_by_0.05,0.8,0.65,absolute,0.65s,0.1197,0.347,0.308,0.189
eval_by_0.05,0.8,0.6,absolute,0.6s,0.1195,0.356,0.31,0.167
eval_by_0.05,0.8,0.75,absolute,0.75s,0.113,0.345,0.31,0.167
eval_by_0.05,0.8,0.7,absolute,0.7s,0.1153,0.349,0.302,0.181
eval_by_0.05,0.8,0.8,absolute,0.8s,0.1073,0.354,0.311,0.155
eval_by_0.05,0.9,0.45,absolute,0.45s,0.1207,0.385,0.332,0.11
eval_by_0.05,0.9,0.55,absolute,0.55s,0.1124,0.365,0.314,0.094
eval_by_0.05,0.9,0.5,absolute,0.5s,0.1219,0.374,0.325,0.103
eval_by_0.05,0.9,0.65,absolute,0.65s,0.1096,0.356,0.314,0.142
eval_by_0.05,0.9,0.6,absolute,0.6s,0.1111,0.368,0.323,0.103
eval_by_0.05,0.9,0.75,absolute,0.75s,0.1055,0.377,0.331,0.144
eval_by_0.05,0.9,0.7,absolute,0.7s,0.1129,0.345,0.29,0.148
eval_by_0.05,0.9,0.85,absolute,0.85s,0.0988,0.35,0.313,0.124
eval_by_0.05,0.9,0.8,absolute,0.8s,0.0992,0.359,0.321,0.139
eval_by_0.05,0.9,0.9,absolute,0.9s,0.0912,0.369,0.319,0.13
eval_by_0.05,1.0,0.55,absolute,0.55s,0.1058,0.379,0.324,0.08
eval_by_0.05,1.0,0.5,absolute,0.5s,0.1119,0.369,0.318,0.079
eval_by_0.05,1.0,0.65,absolute,0.65s,0.1061,0.352,0.295,0.094
eval_by_0.05,1.0,0.6,absolute,0.6s,0.1105,0.372,0.312,0.085
eval_by_0.05,1.0,0.75,absolute,0.75s,0.1009,0.372,0.324,0.116
eval_by_0.05,1.0,0.7,absolute,0.7s,0.1078,0.361,0.308,0.137
eval_by_0.05,1.0,0.85,absolute,0.85s,0.0958,0.341,0.285,0.114
eval_by_0.05,1.0,0.8,absolute,0.8s,0.0967,0.344,0.297,0.096
eval_by_0.05,1.0,0.95,absolute,0.95s,0.0867,0.359,0.312,0.122
eval_by_0.05,1.0,0.9,absolute,0.9s,0.0891,0.342,0.301,0.113
eval_by_0.05,1.0,1.0,absolute,1.0s,0.0881,0.349,0.3,0.089
eval_by_0.05,1.1,0.55,absolute,0.55s,0.1025,0.375,0.318,0.065
eval_by_0.05,1.1,0.65,absolute,0.65s,0.1051,0.37,0.31,0.077
eval_by_0.05,1.1,0.6,absolute,0.6s,0.1067,0.367,0.304,0.067
eval_by_0.05,1.1,0.75,absolute,0.75s,0.0968,0.364,0.312,0.114
eval_by_0.05,1.1,0.7,absolute,0.7s,0.0953,0.353,0.291,0.084
eval_by_0.05,1.1,0.85,absolute,0.85s,0.0959,0.357,0.301,0.11
eval_by_0.05,1.1,0.8,absolute,0.8s,0.0913,0.335,0.281,0.094
eval_by_0.05,1.1,0.95,absolute,0.95s,0.0884,0.33,0.289,0.102
eval_by_0.05,1.1,0.9,absolute,0.9s,0.0876,0.35,0.296,0.094
eval_by_0.05,1.1,1.05,absolute,1.05s,0.0847,0.353,0.302,0.101
eval_by_0.05,1.1,1.0,absolute,1.0s,0.086,0.351,0.294,0.097
eval_by_0.05,1.1,1.1,absolute,1.1s,0.0797,0.351,0.303,0.082
eval_by_0.05,1.2,0.65,absolute,0.65s,0.0909,0.369,0.302,0.069
eval_by_0.05,1.2,0.6,absolute,0.6s,0.0967,0.366,0.306,0.033
eval_by_0.05,1.2,0.75,absolute,0.75s,0.0844,0.347,0.291,0.067
eval_by_0.05,1.2,0.7,absolute,0.7s,0.0901,0.354,0.289,0.066
eval_by_0.05,1.2,0.85,absolute,0.85s,0.0822,0.345,0.298,0.061
eval_by_0.05,1.2,0.8,absolute,0.8s,0.0881,0.344,0.291,0.07
eval_by_0.05,1.2,0.95,absolute,0.95s,0.0839,0.342,0.301,0.094
eval_by_0.05,1.2,0.9,absolute,0.9s,0.0824,0.339,0.291,0.067
eval_by_0.05,1.2,1.05,absolute,1.05s,0.0842,0.358,0.304,0.088
eval_by_0.05,1.2,1.0,absolute,1.0s,0.0811,0.345,0.296,0.078
eval_by_0.05,1.2,1.15,absolute,1.15s,0.0732,0.345,0.31,0.074
eval_by_0.05,1.2,1.1,absolute,1.1s,0.0746,0.337,0.291,0.085
eval_by_0.05,1.2,1.2,absolute,1.2s,0.0693,0.341,0.295,0.069
eval_by_0.05,1.3,0.65,absolute,0.65s,0.0884,0.362,0.302,0.054
eval_by_0.05,1.3,0.75,absolute,0.75s,0.0795,0.337,0.293,0.048
eval_by_0.05,1.3,0.7,absolute,0.7s,0.0806,0.356,0.277,0.048
eval_by_0.05,1.3,0.85,absolute,0.85s,0.0787,0.351,0.293,0.048
eval_by_0.05,1.3,0.8,absolute,0.8s,0.0827,0.351,0.29,0.045
eval_by_0.05,1.3,0.95,absolute,0.95s,0.0776,0.354,0.3,0.063
eval_by_0.05,1.3,0.9,absolute,0.9s,0.081,0.339,0.281,0.051
eval_by_0.05,1.3,1.05,absolute,1.05s,0.0761,0.345,0.279,0.062
eval_by_0.05,1.3,1.0,absolute,1.0s,0.0747,0.343,0.294,0.066
eval_by_0.05,1.3,1.15,absolute,1.15s,0.0725,0.338,0.307,0.064
eval_by_0.05,1.3,1.1,absolute,1.1s,0.072,0.336,0.288,0.066
eval_by_0.05,1.3,1.25,absolute,1.25s,0.0686,0.337,0.288,0.061
eval_by_0.05,1.3,1.2,absolute,1.2s,0.0686,0.324,0.274,0.056
eval_by_0.05,1.3,1.3,absolute,1.3s,0.0633,0.339,0.298,0.055
eval_by_0.05,1.4,0.75,absolute,0.75s,0.0812,0.35,0.302,0.044
eval_by_0.05,1.4,0.7,absolute,0.7s,0.0772,0.366,0.297,0.035
eval_by_0.05,1.4,0.85,absolute,0.85s,0.0738,0.355,0.293,0.038
eval_by_0.05,1.4,0.8,absolute,0.8s,0.0785,0.345,0.294,0.038
eval_by_0.05,1.4,0.95,absolute,0.95s,0.0715,0.358,0.317,0.047
eval_by_0.05,1.4,0.9,absolute,0.9s,0.0816,0.346,0.296,0.045
eval_by_0.05,1.4,1.05,absolute,1.05s,0.0735,0.348,0.292,0.056
eval_by_0.05,1.4,1.0,absolute,1.0s,0.0741,0.349,0.299,0.063
eval_by_0.05,1.4,1.15,absolute,1.15s,0.0693,0.337,0.295,0.046
eval_by_0.05,1.4,1.1,absolute,1.1s,0.0739,0.341,0.29,0.059
eval_by_0.05,1.4,1.25,absolute,1.25s,0.07,0.348,0.293,0.053
eval_by_0.05,1.4,1.2,absolute,1.2s,0.0662,0.334,0.292,0.053
eval_by_0.05,1.4,1.35,absolute,1.35s,0.0675,0.338,0.292,0.064
eval_by_0.05,1.4,1.3,absolute,1.3s,0.0652,0.341,0.291,0.061
eval_by_0.05,1.4,1.4,absolute,1.4s,0.0612,0.33,0.272,0.043
eval_by_0.05,1.5,0.75,absolute,0.75s,0.0798,0.348,0.297,0.044
eval_by_0.05,1.5,0.85,absolute,0.85s,0.0646,0.358,0.289,0.036
eval_by_0.05,1.5,0.8,absolute,0.8s,0.0738,0.355,0.299,0.039
eval_by_0.05,1.5,0.95,absolute,0.95s,0.0672,0.359,0.311,0.047
eval_by_0.05,1.5,0.9,absolute,0.9s,0.071,0.361,0.306,0.032
eval_by_0.05,1.5,1.05,absolute,1.05s,0.0711,0.34,0.286,0.05
eval_by_0.05,1.5,1.0,absolute,1.0s,0.0686,0.343,0.295,0.043
eval_by_0.05,1.5,1.15,absolute,1.15s,0.0689,0.348,0.299,0.032
eval_by_0.05,1.5,1.1,absolute,1.1s,0.0695,0.348,0.285,0.053
eval_by_0.05,1.5,1.25,absolute,1.25s,0.0665,0.351,0.304,0.054
eval_by_0.05,1.5,1.2,absolute,1.2s,0.0578,0.343,0.294,0.044
eval_by_0.05,1.5,1.35,absolute,1.35s,0.0588,0.335,0.295,0.055
eval_by_0.05,1.5,1.3,absolute,1.3s,0.0597,0.351,0.298,0.066
eval_by_0.05,1.5,1.45,absolute,1.45s,0.0582,0.33,0.293,0.045
eval_by_0.05,1.5,1.4,absolute,1.4s,0.0558,0.337,0.28,0.045
eval_by_0.05,1.5,1.5,absolute,1.5s,0.0619,0.332,0.294,0.062
eval_by_0.05,1.6,0.85,absolute,0.85s,0.0715,0.363,0.292,0.028
eval_by_0.05,1.6,0.8,absolute,0.8s,0.0717,0.364,0.307,0.039
eval_by_0.05,1.6,0.95,absolute,0.95s,0.0651,0.355,0.295,0.022
eval_by_0.05,1.6,0.9,absolute,0.9s,0.0709,0.367,0.302,0.025
eval_by_0.05,1.6,1.05,absolute,1.05s,0.0669,0.35,0.284,0.029
eval_by_0.05,1.6,1.0,absolute,1.0s,0.0697,0.355,0.3,0.039
eval_by_0.05,1.6,1.15,absolute,1.15s,0.0684,0.348,0.29,0.014
eval_by_0.05,1.6,1.1,absolute,1.1s,0.0622,0.354,0.293,0.04
eval_by_0.05,1.6,1.25,absolute,1.25s,0.0614,0.353,0.301,0.041
eval_by_0.05,1.6,1.2,absolute,1.2s,0.0603,0.366,0.309,0.044
eval_by_0.05,1.6,1.35,absolute,1.35s,0.063,0.342,0.293,0.037
eval_by_0.05,1.6,1.3,absolute,1.3s,0.0593,0.354,0.293,0.038
eval_by_0.05,1.6,1.45,absolute,1.45s,0.0604,0.329,0.285,0.037
eval_by_0.05,1.6,1.4,absolute,1.4s,0.0565,0.337,0.281,0.03
eval_by_0.05,1.6,1.55,absolute,1.55s,0.0585,0.353,0.305,0.042
eval_by_0.05,1.6,1.5,absolute,1.5s,0.0616,0.348,0.301,0.048
eval_by_0.05,1.6,1.6,absolute,1.6s,0.0494,0.333,0.286,0.023
eval_by_0.05,1.7,0.85,absolute,0.85s,0.0666,0.353,0.289,0.018
eval_by_0.05,1.7,0.95,absolute,0.95s,0.0624,0.351,0.285,0.015
eval_by_0.05,1.7,0.9,absolute,0.9s,0.0671,0.358,0.297,0.022
eval_by_0.05,1.7,1.05,absolute,1.05s,0.0638,0.347,0.281,0.026
eval_by_0.05,1.7,1.0,absolute,1.0s,0.065,0.339,0.288,0.033
eval_by_0.05,1.7,1.15,absolute,1.15s,0.0628,0.358,0.296,0.015
eval_by_0.05,1.7,1.1,absolute,1.1s,0.0616,0.346,0.295,0.033
eval_by_0.05,1.7,1.25,absolute,1.25s,0.0602,0.341,0.288,0.037
eval_by_0.05,1.7,1.2,absolute,1.2s,0.0582,0.358,0.292,0.033
eval_by_0.05,1.7,1.35,absolute,1.35s,0.0579,0.344,0.289,0.03
eval_by_0.05,1.7,1.3,absolute,1.3s,0.0594,0.34,0.28,0.026
eval_by_0.05,1.7,1.45,absolute,1.45s,0.0559,0.321,0.273,0.03
eval_by_0.05,1.7,1.4,absolute,1.4s,0.0561,0.333,0.279,0.019
eval_by_0.05,1.7,1.55,absolute,1.55s,0.0528,0.342,0.291,0.039
eval_by_0.05,1.7,1.5,absolute,1.5s,0.0591,0.343,0.292,0.041
eval_by_0.05,1.7,1.65,absolute,1.65s,0.0502,0.336,0.295,0.024
eval_by_0.05,1.7,1.6,absolute,1.6s,0.0507,0.337,0.278,0.023
eval_by_0.05,1.7,1.7,absolute,1.7s,0.0477,0.329,0.291,0.035
eval_by_0.05,1.8,0.95,absolute,0.95s,0.064,0.346,0.278,0.018
eval_by_0.05,1.8,0.9,absolute,0.9s,0.0656,0.361,0.302,0.015
eval_by_0.05,1.8,1.05,absolute,1.05s,0.0649,0.356,0.291,0.022
eval_by_0.05,1.8,1.0,absolute,1.0s,0.0629,0.344,0.287,0.022
eval_by_0.05,1.8,1.15,absolute,1.15s,0.0594,0.353,0.292,0.011
eval_by_0.05,1.8,1.1,absolute,1.1s,0.0607,0.346,0.293,0.022
eval_by_0.05,1.8,1.25,absolute,1.25s,0.0561,0.36,0.305,0.027
eval_by_0.05,1.8,1.2,absolute,1.2s,0.0575,0.356,0.298,0.026
eval_by_0.05,1.8,1.35,absolute,1.35s,0.0578,0.35,0.303,0.026
eval_by_0.05,1.8,1.3,absolute,1.3s,0.0585,0.335,0.284,0.023
eval_by_0.05,1.8,1.45,absolute,1.45s,0.0539,0.345,0.296,0.023
eval_by_0.05,1.8,1.4,absolute,1.4s,0.0529,0.336,0.282,0.015
eval_by_0.05,1.8,1.55,absolute,1.55s,0.0536,0.337,0.278,0.027
eval_by_0.05,1.8,1.5,absolute,1.5s,0.0535,0.351,0.295,0.035
eval_by_0.05,1.8,1.65,absolute,1.65s,0.0551,0.337,0.284,0.015
eval_by_0.05,1.8,1.6,absolute,1.6s,0.0478,0.33,0.281,0.019
eval_by_0.05,1.8,1.75,absolute,1.75s,0.0446,0.336,0.284,0.02
eval_by_0.05,1.8,1.7,absolute,1.7s,0.0449,0.324,0.286,0.028
eval_by_0.05,1.8,1.8,absolute,1.8s,0.0457,0.345,0.293,0.02
eval_by_0.05,1.9,0.95,absolute,0.95s,0.0624,0.349,0.284,0.015
eval_by_0.05,1.9,1.05,absolute,1.05s,0.0615,0.35,0.29,0.019
eval_by_0.05,1.9,1.0,absolute,1.0s,0.063,0.337,0.29,0.023
eval_by_0.05,1.9,1.15,absolute,1.15s,0.0578,0.34,0.29,0.008
eval_by_0.05,1.9,1.1,absolute,1.1s,0.0578,0.344,0.291,0.019
eval_by_0.05,1.9,1.25,absolute,1.25s,0.0565,0.359,0.305,0.023
eval_by_0.05,1.9,1.2,absolute,1.2s,0.0613,0.336,0.287,0.019
eval_by_0.05,1.9,1.35,absolute,1.35s,0.0555,0.339,0.292,0.026
eval_by_0.05,1.9,1.3,absolute,1.3s,0.0611,0.335,0.282,0.026
eval_by_0.05,1.9,1.45,absolute,1.45s,0.0473,0.329,0.294,0.024
eval_by_0.05,1.9,1.4,absolute,1.4s,0.0502,0.322,0.273,0.012
eval_by_0.05,1.9,1.55,absolute,1.55s,0.053,0.345,0.294,0.028
eval_by_0.05,1.9,1.5,absolute,1.5s,0.054,0.34,0.289,0.031
eval_by_0.05,1.9,1.65,absolute,1.65s,0.0552,0.342,0.289,0.016
eval_by_0.05,1.9,1.6,absolute,1.6s,0.0503,0.321,0.271,0.016
eval_by_0.05,1.9,1.75,absolute,1.75s,0.0463,0.325,0.285,0.02
eval_by_0.05,1.9,1.7,absolute,1.7s,0.0428,0.316,0.283,0.024
eval_by_0.05,1.9,1.85,absolute,1.85s,0.0525,0.337,0.284,0.02
eval_by_0.05,1.9,1.8,absolute,1.8s,0.0447,0.326,0.278,0.016
eval_by_0.05,1.9,1.9,absolute,1.9s,0.0455,0.325,0.273,0.02
eval_by_0.05,2.0,1.05,absolute,1.05s,0.0619,0.347,0.29,0.019
eval_by_0.05,2.0,1.0,absolute,1.0s,0.06,0.35,0.298,0.015
eval_by_0.05,2.0,1.15,absolute,1.15s,0.0556,0.339,0.296,0.008
eval_by_0.05,2.0,1.1,absolute,1.1s,0.056,0.349,0.295,0.019
eval_by_0.05,2.0,1.25,absolute,1.25s,0.0519,0.352,0.301,0.02
eval_by_0.05,2.0,1.2,absolute,1.2s,0.0577,0.335,0.294,0.019
eval_by_0.05,2.0,1.35,absolute,1.35s,0.0524,0.343,0.295,0.019
eval_by_0.05,2.0,1.3,absolute,1.3s,0.061,0.333,0.276,0.023
eval_by_0.05,2.0,1.45,absolute,1.45s,0.0465,0.346,0.296,0.028
eval_by_0.05,2.0,1.4,absolute,1.4s,0.049,0.332,0.278,0.012
eval_by_0.05,2.0,1.55,absolute,1.55s,0.0485,0.325,0.28,0.016
eval_by_0.05,2.0,1.5,absolute,1.5s,0.0505,0.33,0.286,0.02
eval_by_0.05,2.0,1.65,absolute,1.65s,0.0507,0.341,0.285,0.012
eval_by_0.05,2.0,1.6,absolute,1.6s,0.0469,0.334,0.288,0.016
eval_by_0.05,2.0,1.75,absolute,1.75s,0.0455,0.327,0.277,0.016
eval_by_0.05,2.0,1.7,absolute,1.7s,0.0488,0.32,0.282,0.024
eval_by_0.05,2.0,1.85,absolute,1.85s,0.0469,0.342,0.288,0.02
eval_by_0.05,2.0,1.8,absolute,1.8s,0.0424,0.333,0.285,0.012
eval_by_0.05,2.0,1.95,absolute,1.95s,0.042,0.329,0.284,0.016
eval_by_0.05,2.0,1.9,absolute,1.9s,0.0417,0.328,0.278,0.012
eval_by_0.05,2.0,2.0,absolute,2.0s,0.0479,0.319,0.289,0.024
eval_percent,0.3,10.0,percentage,10.0%,0.2672,0.402,0.297,0.356
eval_percent,0.3,100.0,percentage,100.0%,0.2164,0.384,0.32,0.445
eval_percent,0.3,20.0,percentage,20.0%,0.2606,0.4,0.309,0.397
eval_percent,0.3,30.0,percentage,30.0%,0.2541,0.402,0.327,0.422
eval_percent,0.3,40.0,percentage,40.0%,0.2526,0.399,0.32,0.443
eval_percent,0.3,50.0,percentage,50.0%,0.2414,0.4,0.341,0.447
eval_percent,0.3,60.0,percentage,60.0%,0.2351,0.394,0.334,0.438
eval_percent,0.3,70.0,percentage,70.0%,0.2354,0.379,0.318,0.483
eval_percent,0.3,80.0,percentage,80.0%,0.2325,0.391,0.326,0.482
eval_percent,0.3,90.0,percentage,90.0%,0.2212,0.386,0.326,0.455
eval_percent,0.4,10.0,percentage,10.0%,0.2404,0.398,0.307,0.292
eval_percent,0.4,100.0,percentage,100.0%,0.1784,0.391,0.343,0.388
eval_percent,0.4,20.0,percentage,20.0%,0.2338,0.399,0.326,0.296
eval_percent,0.4,30.0,percentage,30.0%,0.2279,0.396,0.329,0.318
eval_percent,0.4,40.0,percentage,40.0%,0.2236,0.397,0.332,0.364
eval_percent,0.4,50.0,percentage,50.0%,0.2187,0.401,0.345,0.385
eval_percent,0.4,60.0,percentage,60.0%,0.2141,0.38,0.317,0.372
eval_percent,0.4,70.0,percentage,70.0%,0.205,0.401,0.347,0.385
eval_percent,0.4,80.0,percentage,80.0%,0.1936,0.391,0.333,0.376
eval_percent,0.4,90.0,percentage,90.0%,0.1936,0.375,0.32,0.419
eval_percent,0.5,10.0,percentage,10.0%,0.2135,0.406,0.324,0.184
eval_percent,0.5,100.0,percentage,100.0%,0.1601,0.361,0.317,0.307
eval_percent,0.5,20.0,percentage,20.0%,0.2109,0.403,0.33,0.223
eval_percent,0.5,30.0,percentage,30.0%,0.1986,0.408,0.35,0.251
eval_percent,0.5,40.0,percentage,40.0%,0.1968,0.395,0.334,0.264
eval_percent,0.5,50.0,percentage,50.0%,0.1905,0.389,0.339,0.272
eval_percent,0.5,60.0,percentage,60.0%,0.1822,0.388,0.329,0.295
eval_percent,0.5,70.0,percentage,70.0%,0.1733,0.393,0.339,0.298
eval_percent,0.5,80.0,percentage,80.0%,0.1721,0.386,0.333,0.329
eval_percent,0.5,90.0,percentage,90.0%,0.1651,0.366,0.313,0.336
eval_percent,0.6,10.0,percentage,10.0%,0.1977,0.394,0.319,0.159
eval_percent,0.6,100.0,percentage,100.0%,0.1346,0.361,0.316,0.261
eval_percent,0.6,20.0,percentage,20.0%,0.1907,0.394,0.332,0.19
eval_percent,0.6,30.0,percentage,30.0%,0.1838,0.399,0.338,0.197
eval_percent,0.6,40.0,percentage,40.0%,0.1814,0.383,0.328,0.235
eval_percent,0.6,50.0,percentage,50.0%,0.1682,0.39,0.339,0.218
eval_percent,0.6,60.0,percentage,60.0%,0.1706,0.4,0.343,0.259
eval_percent,0.6,70.0,percentage,70.0%,0.1583,0.369,0.323,0.246
eval_percent,0.6,80.0,percentage,80.0%,0.1525,0.357,0.312,0.265
eval_percent,0.6,90.0,percentage,90.0%,0.1489,0.375,0.33,0.288
eval_percent,0.7,10.0,percentage,10.0%,0.1837,0.389,0.31,0.113
eval_percent,0.7,100.0,percentage,100.0%,0.1191,0.336,0.3,0.19
eval_percent,0.7,20.0,percentage,20.0%,0.1736,0.384,0.319,0.13
eval_percent,0.7,30.0,percentage,30.0%,0.1704,0.396,0.334,0.16
eval_percent,0.7,40.0,percentage,40.0%,0.1584,0.389,0.338,0.164
eval_percent,0.7,50.0,percentage,50.0%,0.1518,0.375,0.327,0.187
eval_percent,0.7,60.0,percentage,60.0%,0.1526,0.362,0.321,0.195
eval_percent,0.7,70.0,percentage,70.0%,0.1451,0.382,0.331,0.189
eval_percent,0.7,80.0,percentage,80.0%,0.1372,0.356,0.314,0.212
eval_percent,0.7,90.0,percentage,90.0%,0.1331,0.365,0.324,0.211
eval_percent,0.8,10.0,percentage,10.0%,0.1681,0.393,0.321,0.092
eval_percent,0.8,100.0,percentage,100.0%,0.1073,0.354,0.311,0.155
eval_percent,0.8,20.0,percentage,20.0%,0.157,0.382,0.316,0.099
eval_percent,0.8,30.0,percentage,30.0%,0.1506,0.383,0.323,0.119
eval_percent,0.8,40.0,percentage,40.0%,0.1434,0.369,0.312,0.12
eval_percent,0.8,50.0,percentage,50.0%,0.1391,0.367,0.316,0.153
eval_percent,0.8,60.0,percentage,60.0%,0.1277,0.37,0.322,0.126
eval_percent,0.8,70.0,percentage,70.0%,0.1294,0.366,0.313,0.192
eval_percent,0.8,80.0,percentage,80.0%,0.1194,0.351,0.31,0.178
eval_percent,0.8,90.0,percentage,90.0%,0.1065,0.376,0.329,0.151
eval_percent,0.9,10.0,percentage,10.0%,0.1588,0.388,0.312,0.068
eval_percent,0.9,100.0,percentage,100.0%,0.0912,0.369,0.319,0.13
eval_percent,0.9,20.0,percentage,20.0%,0.1462,0.388,0.322,0.075
eval_percent,0.9,30.0,percentage,30.0%,0.139,0.375,0.31,0.087
eval_percent,0.9,40.0,percentage,40.0%,0.1322,0.369,0.313,0.082
eval_percent,0.9,50.0,percentage,50.0%,0.1207,0.385,0.332,0.11
eval_percent,0.9,60.0,percentage,60.0%,0.1146,0.372,0.319,0.094
eval_percent,0.9,70.0,percentage,70.0%,0.1102,0.354,0.326,0.138
eval_percent,0.9,80.0,percentage,80.0%,0.1032,0.354,0.307,0.128
eval_percent,0.9,90.0,percentage,90.0%,0.105,0.331,0.293,0.139
eval_percent,1.0,10.0,percentage,10.0%,0.1535,0.379,0.3,0.057
eval_percent,1.0,100.0,percentage,100.0%,0.0881,0.349,0.3,0.089
eval_percent,1.0,20.0,percentage,20.0%,0.1404,0.378,0.3,0.054
eval_percent,1.0,30.0,percentage,30.0%,0.129,0.38,0.318,0.059
eval_percent,1.0,40.0,percentage,40.0%,0.1227,0.376,0.305,0.065
eval_percent,1.0,50.0,percentage,50.0%,0.1119,0.369,0.318,0.079
eval_percent,1.0,60.0,percentage,60.0%,0.1105,0.372,0.312,0.085
eval_percent,1.0,70.0,percentage,70.0%,0.1078,0.361,0.308,0.137
eval_percent,1.0,80.0,percentage,80.0%,0.0967,0.344,0.297,0.096
eval_percent,1.0,90.0,percentage,90.0%,0.0891,0.342,0.301,0.113
eval_percent,1.1,10.0,percentage,10.0%,0.1376,0.393,0.311,0.043
eval_percent,1.1,100.0,percentage,100.0%,0.0797,0.351,0.303,0.082
eval_percent,1.1,20.0,percentage,20.0%,0.1285,0.382,0.296,0.053
eval_percent,1.1,30.0,percentage,30.0%,0.1211,0.371,0.303,0.053
eval_percent,1.1,40.0,percentage,40.0%,0.1067,0.379,0.301,0.064
eval_percent,1.1,50.0,percentage,50.0%,0.1025,0.375,0.318,0.065
eval_percent,1.1,60.0,percentage,60.0%,0.0996,0.362,0.294,0.062
eval_percent,1.1,70.0,percentage,70.0%,0.0932,0.354,0.298,0.104
eval_percent,1.1,80.0,percentage,80.0%,0.085,0.357,0.301,0.108
eval_percent,1.1,90.0,percentage,90.0%,0.0753,0.332,0.281,0.099
eval_percent,1.2,10.0,percentage,10.0%,0.1217,0.403,0.31,0.032
eval_percent,1.2,100.0,percentage,100.0%,0.0693,0.341,0.295,0.069
eval_percent,1.2,20.0,percentage,20.0%,0.1106,0.38,0.302,0.035
eval_percent,1.2,30.0,percentage,30.0%,0.1115,0.376,0.301,0.045
eval_percent,1.2,40.0,percentage,40.0%,0.0968,0.373,0.312,0.046
eval_percent,1.2,50.0,percentage,50.0%,0.0967,0.366,0.306,0.033
eval_percent,1.2,60.0,percentage,60.0%,0.0823,0.351,0.303,0.058
eval_percent,1.2,70.0,percentage,70.0%,0.0856,0.348,0.292,0.074
eval_percent,1.2,80.0,percentage,80.0%,0.0809,0.368,0.315,0.093
eval_percent,1.2,90.0,percentage,90.0%,0.0724,0.341,0.294,0.071
eval_percent,1.3,10.0,percentage,10.0%,0.1163,0.395,0.298,0.025
eval_percent,1.3,100.0,percentage,100.0%,0.0633,0.339,0.298,0.055
eval_percent,1.3,20.0,percentage,20.0%,0.1074,0.388,0.303,0.032
eval_percent,1.3,30.0,percentage,30.0%,0.0997,0.372,0.307,0.039
eval_percent,1.3,40.0,percentage,40.0%,0.0968,0.358,0.292,0.049
eval_percent,1.3,50.0,percentage,50.0%,0.0884,0.362,0.302,0.054
eval_percent,1.3,60.0,percentage,60.0%,0.083,0.354,0.306,0.054
eval_percent,1.3,70.0,percentage,70.0%,0.0827,0.358,0.307,0.055
eval_percent,1.3,80.0,percentage,80.0%,0.0751,0.345,0.292,0.072
eval_percent,1.3,90.0,percentage,90.0%,0.0692,0.347,0.291,0.074
eval_percent,1.4,10.0,percentage,10.0%,0.1091,0.392,0.293,0.019
eval_percent,1.4,100.0,percentage,100.0%,0.0612,0.33,0.272,0.043
eval_percent,1.4,20.0,percentage,20.0%,0.0978,0.383,0.295,0.023
eval_percent,1.4,30.0,percentage,30.0%,0.0925,0.377,0.314,0.03
eval_percent,1.4,40.0,percentage,40.0%,0.0813,0.378,0.303,0.027
eval_percent,1.4,50.0,percentage,50.0%,0.0772,0.366,0.297,0.035
eval_percent,1.4,60.0,percentage,60.0%,0.0764,0.367,0.304,0.035
eval_percent,1.4,70.0,percentage,70.0%,0.0712,0.348,0.283,0.061
eval_percent,1.4,80.0,percentage,80.0%,0.0709,0.347,0.298,0.06
eval_percent,1.4,90.0,percentage,90.0%,0.0669,0.341,0.295,0.058
eval_percent,1.5,10.0,percentage,10.0%,0.1056,0.387,0.3,0.016
eval_percent,1.5,100.0,percentage,100.0%,0.0619,0.332,0.294,0.062
eval_percent,1.5,20.0,percentage,20.0%,0.0965,0.38,0.308,0.02
eval_percent,1.5,30.0,percentage,30.0%,0.0847,0.367,0.304,0.027
eval_percent,1.5,40.0,percentage,40.0%,0.0772,0.36,0.301,0.024
eval_percent,1.5,50.0,percentage,50.0%,0.0798,0.348,0.297,0.044
eval_percent,1.5,60.0,percentage,60.0%,0.071,0.361,0.306,0.032
eval_percent,1.5,70.0,percentage,70.0%,0.0711,0.34,0.286,0.05
eval_percent,1.5,80.0,percentage,80.0%,0.0578,0.343,0.294,0.044
eval_percent,1.5,90.0,percentage,90.0%,0.0588,0.335,0.295,0.055
eval_percent,1.6,10.0,percentage,10.0%,0.0967,0.392,0.302,0.017
eval_percent,1.6,100.0,percentage,100.0%,0.0494,0.333,0.286,0.023
eval_percent,1.6,20.0,percentage,20.0%,0.09,0.374,0.299,0.02
eval_percent,1.6,30.0,percentage,30.0%,0.0839,0.387,0.314,0.017
eval_percent,1.6,40.0,percentage,40.0%,0.0738,0.347,0.287,0.028
eval_percent,1.6,50.0,percentage,50.0%,0.0717,0.364,0.307,0.039
eval_percent,1.6,60.0,percentage,60.0%,0.0736,0.355,0.298,0.032
eval_percent,1.6,70.0,percentage,70.0%,0.0679,0.352,0.298,0.04
eval_percent,1.6,80.0,percentage,80.0%,0.0571,0.326,0.277,0.034
eval_percent,1.6,90.0,percentage,90.0%,0.0565,0.349,0.299,0.038
eval_percent,1.7,10.0,percentage,10.0%,0.0947,0.381,0.298,0.017
eval_percent,1.7,100.0,percentage,100.0%,0.0477,0.329,0.291,0.035
eval_percent,1.7,20.0,percentage,20.0%,0.0877,0.379,0.304,0.014
eval_percent,1.7,30.0,percentage,30.0%,0.0788,0.376,0.305,0.018
eval_percent,1.7,40.0,percentage,40.0%,0.0755,0.366,0.303,0.025
eval_percent,1.7,50.0,percentage,50.0%,0.0666,0.353,0.289,0.018
eval_percent,1.7,60.0,percentage,60.0%,0.0631,0.36,0.303,0.029
eval_percent,1.7,70.0,percentage,70.0%,0.0574,0.347,0.291,0.026
eval_percent,1.7,80.0,percentage,80.0%,0.0589,0.351,0.303,0.045
eval_percent,1.7,90.0,percentage,90.0%,0.0566,0.355,0.306,0.031
eval_percent,1.8,10.0,percentage,10.0%,0.0907,0.397,0.309,0.014
eval_percent,1.8,100.0,percentage,100.0%,0.0457,0.345,0.293,0.02
eval_percent,1.8,20.0,percentage,20.0%,0.0826,0.387,0.311,0.01
eval_percent,1.8,30.0,percentage,30.0%,0.0756,0.375,0.309,0.011
eval_percent,1.8,40.0,percentage,40.0%,0.067,0.373,0.317,0.015
eval_percent,1.8,50.0,percentage,50.0%,0.0656,0.361,0.302,0.015
eval_percent,1.8,60.0,percentage,60.0%,0.0613,0.354,0.292,0.019
eval_percent,1.8,70.0,percentage,70.0%,0.0583,0.351,0.288,0.015
eval_percent,1.8,80.0,percentage,80.0%,0.0557,0.356,0.305,0.023
eval_percent,1.8,90.0,percentage,90.0%,0.0474,0.34,0.302,0.023
eval_percent,1.9,10.0,percentage,10.0%,0.0862,0.387,0.301,0.014
eval_percent,1.9,100.0,percentage,100.0%,0.0455,0.325,0.273,0.02
eval_percent,1.9,20.0,percentage,20.0%,0.0798,0.375,0.3,0.011
eval_percent,1.9,30.0,percentage,30.0%,0.0712,0.379,0.307,0.018
eval_percent,1.9,40.0,percentage,40.0%,0.07,0.355,0.292,0.018
eval_percent,1.9,50.0,percentage,50.0%,0.0624,0.349,0.284,0.015
eval_percent,1.9,60.0,percentage,60.0%,0.0582,0.365,0.306,0.015
eval_percent,1.9,70.0,percentage,70.0%,0.0586,0.349,0.281,0.026
eval_percent,1.9,80.0,percentage,80.0%,0.0547,0.343,0.299,0.016
eval_percent,1.9,90.0,percentage,90.0%,0.0505,0.345,0.3,0.024
eval_percent,2.0,10.0,percentage,10.0%,0.0771,0.384,0.302,0.011
eval_percent,2.0,100.0,percentage,100.0%,0.0479,0.319,0.289,0.024
eval_percent,2.0,20.0,percentage,20.0%,0.0743,0.375,0.306,0.011
eval_percent,2.0,30.0,percentage,30.0%,0.071,0.37,0.309,0.015
eval_percent,2.0,40.0,percentage,40.0%,0.0639,0.357,0.298,0.019
eval_percent,2.0,50.0,percentage,50.0%,0.06,0.35,0.298,0.015
eval_percent,2.0,60.0,percentage,60.0%,0.0577,0.335,0.294,0.019
eval_percent,2.0,70.0,percentage,70.0%,0.049,0.332,0.278,0.012
eval_percent,2.0,80.0,percentage,80.0%,0.0469,0.334,0.288,0.016
eval_percent,2.0,90.0,percentage,90.0%,0.0424,0.333,0.285,0.012
