eval_type,window_size,window_name,stride_info,stride_name,success,duration_seconds,worker_id,combined_iou,binary_f1,multiclass_f1
eval_by_0.05,0.3,window_0.3s,0.25s,stride_0.25s,True,55.84181046485901,3,0.3455,0.379,0.314
eval_by_0.05,0.3,window_0.3s,0.2s,stride_0.2s,True,60.93066215515137,4,0.3198,0.393,0.325
eval_by_0.05,0.3,window_0.3s,0.15s,stride_0.15s,True,70.57890844345093,2,0.3116,0.4,0.342
eval_by_0.05,0.3,window_0.3s,0.125s,stride_0.125s,True,74.41803979873657,1,0.3088,0.391,0.325
eval_by_0.05,0.3,window_0.3s,0.3s,stride_0.3s,True,48.85641527175903,1,0.3161,0.384,0.321
eval_by_0.05,0.4,window_0.4s,0.25s,stride_0.25s,True,44.897783517837524,2,0.3002,0.386,0.33
eval_by_0.05,0.4,window_0.4s,0.35s,stride_0.35s,True,38.82172083854675,4,0.3054,0.392,0.33
eval_by_0.05,0.4,window_0.4s,0.2s,stride_0.2s,True,51.0318820476532,3,0.2898,0.4,0.347
eval_by_0.05,0.4,window_0.4s,0.4s,stride_0.4s,True,38.24977207183838,2,0.3014,0.391,0.342
eval_by_0.05,0.4,window_0.4s,0.3s,stride_0.3s,True,43.482444524765015,1,0.3149,0.384,0.323
eval_by_0.05,0.5,window_0.5s,0.25s,stride_0.25s,True,42.1159291267395,3,0.2622,0.392,0.338
eval_by_0.05,0.5,window_0.5s,0.35s,stride_0.35s,True,35.41790986061096,4,0.2958,0.395,0.339
eval_by_0.05,0.5,window_0.5s,0.45s,stride_0.45s,True,30.113372802734375,2,0.2867,0.366,0.312
eval_by_0.05,0.5,window_0.5s,0.3s,stride_0.3s,True,36.2770209312439,1,0.2744,0.39,0.331
eval_by_0.05,0.5,window_0.5s,0.5s,stride_0.5s,True,28.391312837600708,4,0.2949,0.363,0.319
eval_by_0.05,0.5,window_0.5s,0.4s,stride_0.4s,True,32.516501903533936,3,0.2897,0.386,0.332
eval_by_0.05,0.6,window_0.6s,0.35s,stride_0.35s,True,30.93670344352722,1,0.2723,0.383,0.329
eval_by_0.05,0.6,window_0.6s,0.45s,stride_0.45s,True,28.34787893295288,3,0.299,0.373,0.326
eval_by_0.05,0.6,window_0.6s,0.3s,stride_0.3s,True,34.30210614204407,2,0.2599,0.39,0.333
eval_by_0.05,0.6,window_0.6s,0.4s,stride_0.4s,True,31.323489904403687,4,0.2697,0.39,0.336
eval_by_0.05,0.6,window_0.6s,0.55s,stride_0.55s,True,25.55180025100708,1,0.2869,0.38,0.334
eval_by_0.05,0.6,window_0.6s,0.6s,stride_0.6s,True,23.8888521194458,3,0.2886,0.361,0.315
eval_by_0.05,0.6,window_0.6s,0.5s,stride_0.5s,True,27.08637762069702,2,0.2736,0.386,0.339
eval_by_0.05,0.7,window_0.7s,0.35s,stride_0.35s,True,27.962923288345337,4,0.2467,0.375,0.326
eval_by_0.05,0.7,window_0.7s,0.45s,stride_0.45s,True,24.702547550201416,1,0.2525,0.386,0.336
eval_by_0.05,0.7,window_0.7s,0.55s,stride_0.55s,True,22.56675410270691,3,0.2396,0.378,0.327
eval_by_0.05,0.7,window_0.7s,0.4s,stride_0.4s,True,26.010396718978882,2,0.2533,0.373,0.327
eval_by_0.05,0.7,window_0.7s,0.5s,stride_0.5s,True,24.70100688934326,4,0.2639,0.386,0.338
eval_by_0.05,0.7,window_0.7s,0.65s,stride_0.65s,True,23.496885299682617,1,0.2537,0.352,0.314
eval_by_0.05,0.7,window_0.7s,0.7s,stride_0.7s,True,22.33422017097473,3,0.2665,0.336,0.3
eval_by_0.05,0.7,window_0.7s,0.6s,stride_0.6s,True,24.715840339660645,2,0.2941,0.35,0.309
eval_by_0.05,0.8,window_0.8s,0.45s,stride_0.45s,True,26.942246198654175,4,0.2383,0.38,0.322
eval_by_0.05,0.8,window_0.8s,0.4s,stride_0.4s,True,28.55460476875305,1,0.2275,0.367,0.316
eval_by_0.05,0.8,window_0.8s,0.55s,stride_0.55s,True,25.754212141036987,2,0.2233,0.37,0.318
eval_by_0.05,0.8,window_0.8s,0.5s,stride_0.5s,True,26.224600791931152,3,0.2345,0.371,0.33
eval_by_0.05,0.8,window_0.8s,0.65s,stride_0.65s,True,22.161951541900635,4,0.2476,0.347,0.308
eval_by_0.05,0.8,window_0.8s,0.75s,stride_0.75s,True,19.587596893310547,2,0.3504,0.347,0.309
eval_by_0.05,0.8,window_0.8s,0.6s,stride_0.6s,True,21.448557138442993,1,0.2358,0.356,0.31
eval_by_0.05,0.8,window_0.8s,0.7s,stride_0.7s,True,20.662892818450928,3,0.2472,0.349,0.302
eval_by_0.05,0.8,window_0.8s,0.8s,stride_0.8s,True,20.608598709106445,4,0.2788,0.354,0.311
eval_by_0.05,0.9,window_0.9s,0.55s,stride_0.55s,True,22.83506727218628,2,0.2233,0.365,0.315
eval_by_0.05,0.9,window_0.9s,0.45s,stride_0.45s,True,24.66158103942871,1,0.2236,0.385,0.331
eval_by_0.05,0.9,window_0.9s,0.5s,stride_0.5s,True,22.998807668685913,3,0.2074,0.374,0.324
eval_by_0.05,0.9,window_0.9s,0.65s,stride_0.65s,True,21.215585708618164,4,0.2583,0.356,0.313
eval_by_0.05,0.9,window_0.9s,0.75s,stride_0.75s,True,20.063608646392822,2,0.2715,0.378,0.331
eval_by_0.05,0.9,window_0.9s,0.6s,stride_0.6s,True,21.757184982299805,1,0.221,0.365,0.323
eval_by_0.05,0.9,window_0.9s,0.7s,stride_0.7s,True,20.49548077583313,3,0.2582,0.345,0.287
eval_by_0.05,0.9,window_0.9s,0.85s,stride_0.85s,True,18.39922857284546,4,0.2149,0.35,0.313
eval_by_0.05,0.9,window_0.9s,0.9s,stride_0.9s,True,16.962597608566284,2,0.2444,0.369,0.319
eval_by_0.05,0.9,window_0.9s,0.8s,stride_0.8s,True,18.26269292831421,1,0.2499,0.361,0.322
eval_by_0.05,1.0,window_1.0s,0.55s,stride_0.55s,True,18.9122257232666,3,0.2665,0.379,0.325
eval_by_0.05,1.0,window_1.0s,0.5s,stride_0.5s,True,19.580761909484863,4,0.222,0.369,0.318
eval_by_0.05,1.0,window_1.0s,0.65s,stride_0.65s,True,18.262027978897095,1,0.2723,0.351,0.295
eval_by_0.05,1.0,window_1.0s,0.6s,stride_0.6s,True,18.47478985786438,2,0.2024,0.371,0.312
eval_by_0.05,1.0,window_1.0s,0.75s,stride_0.75s,True,17.9146089553833,3,0.2548,0.374,0.32
eval_by_0.05,1.0,window_1.0s,0.7s,stride_0.7s,True,18.68837308883667,4,0.2775,0.361,0.304
eval_by_0.05,1.0,window_1.0s,0.85s,stride_0.85s,True,19.69903874397278,1,0.2276,0.341,0.287
eval_by_0.05,1.0,window_1.0s,0.8s,stride_0.8s,True,20.186620235443115,2,0.2392,0.344,0.296
eval_by_0.05,1.0,window_1.0s,0.95s,stride_0.95s,True,18.62295365333557,3,0.2496,0.359,0.311
eval_by_0.05,1.0,window_1.0s,0.9s,stride_0.9s,True,19.24416947364807,4,0.2333,0.342,0.301
eval_by_0.05,1.0,window_1.0s,1.0s,stride_1.0s,True,17.283747911453247,1,0.2258,0.349,0.299
eval_by_0.05,1.1,window_1.1s,0.65s,stride_0.65s,True,19.88652539253235,3,0.2422,0.369,0.31
eval_by_0.05,1.1,window_1.1s,0.55s,stride_0.55s,True,20.51129126548767,2,0.2363,0.375,0.319
eval_by_0.05,1.1,window_1.1s,0.6s,stride_0.6s,True,19.170246839523315,4,0.2381,0.367,0.302
eval_by_0.05,1.1,window_1.1s,0.75s,stride_0.75s,True,17.090201139450073,1,0.2479,0.364,0.309
eval_by_0.05,1.1,window_1.1s,0.85s,stride_0.85s,True,16.91133689880371,3,0.2088,0.357,0.303
eval_by_0.05,1.1,window_1.1s,0.7s,stride_0.7s,True,18.00960373878479,2,0.2574,0.352,0.29
eval_by_0.05,1.1,window_1.1s,0.8s,stride_0.8s,True,17.218627452850342,4,0.2353,0.335,0.28
eval_by_0.05,1.1,window_1.1s,0.95s,stride_0.95s,True,16.01323366165161,1,0.1955,0.33,0.289
eval_by_0.05,1.1,window_1.1s,0.9s,stride_0.9s,True,17.053504943847656,2,0.2296,0.351,0.298
eval_by_0.05,1.1,window_1.1s,1.05s,stride_1.05s,True,16.526511430740356,3,0.2115,0.353,0.301
eval_by_0.05,1.1,window_1.1s,1.0s,stride_1.0s,True,15.66502571105957,4,0.2467,0.351,0.294
eval_by_0.05,1.1,window_1.1s,1.1s,stride_1.1s,True,15.814621686935425,1,0.2821,0.351,0.303
eval_by_0.05,1.2,window_1.2s,0.65s,stride_0.65s,True,18.119487047195435,2,0.1986,0.371,0.305
eval_by_0.05,1.2,window_1.2s,0.6s,stride_0.6s,True,18.625997304916382,3,0.2285,0.366,0.304
eval_by_0.05,1.2,window_1.2s,0.75s,stride_0.75s,True,17.683723211288452,4,0.2277,0.346,0.289
eval_by_0.05,1.2,window_1.2s,0.7s,stride_0.7s,True,20.17091703414917,1,0.3197,0.354,0.29
eval_by_0.05,1.2,window_1.2s,0.85s,stride_0.85s,True,19.457744598388672,2,0.1991,0.345,0.298
eval_by_0.05,1.2,window_1.2s,0.8s,stride_0.8s,True,19.480485200881958,3,0.2151,0.344,0.289
eval_by_0.05,1.2,window_1.2s,0.95s,stride_0.95s,True,18.50655508041382,4,0.1902,0.342,0.302
eval_by_0.05,1.2,window_1.2s,0.9s,stride_0.9s,True,16.509998559951782,1,0.2021,0.341,0.293
eval_by_0.05,1.2,window_1.2s,1.05s,stride_1.05s,True,15.29390287399292,2,0.2048,0.358,0.304
eval_by_0.05,1.2,window_1.2s,1.0s,stride_1.0s,True,15.218401670455933,3,0.2455,0.345,0.296
eval_by_0.05,1.2,window_1.2s,1.15s,stride_1.15s,True,14.830355405807495,4,0.2162,0.345,0.31
eval_by_0.05,1.2,window_1.2s,1.1s,stride_1.1s,True,14.093690872192383,1,0.2087,0.337,0.291
eval_by_0.05,1.2,window_1.2s,1.2s,stride_1.2s,True,14.15767526626587,2,0.2023,0.341,0.294
eval_by_0.05,1.3,window_1.3s,0.75s,stride_0.75s,True,16.22012734413147,4,0.2338,0.337,0.293
eval_by_0.05,1.3,window_1.3s,0.65s,stride_0.65s,True,17.121731758117676,3,0.1908,0.363,0.303
eval_by_0.05,1.3,window_1.3s,0.7s,stride_0.7s,True,17.1162748336792,1,0.2386,0.356,0.278
eval_by_0.05,1.3,window_1.3s,0.85s,stride_0.85s,True,16.655782461166382,2,0.2019,0.351,0.293
eval_by_0.05,1.3,window_1.3s,0.8s,stride_0.8s,True,16.731213331222534,3,0.1909,0.351,0.289
eval_by_0.05,1.3,window_1.3s,0.95s,stride_0.95s,True,16.221832990646362,4,0.1801,0.354,0.3
eval_by_0.05,1.3,window_1.3s,0.9s,stride_0.9s,True,15.886033058166504,1,0.1885,0.34,0.282
eval_by_0.05,1.3,window_1.3s,1.05s,stride_1.05s,True,15.248625993728638,2,0.1905,0.345,0.278
eval_by_0.05,1.3,window_1.3s,1.15s,stride_1.15s,True,15.977948665618896,4,0.1904,0.338,0.307
eval_by_0.05,1.3,window_1.3s,1.0s,stride_1.0s,True,16.561188459396362,3,0.189,0.343,0.294
eval_by_0.05,1.3,window_1.3s,1.1s,stride_1.1s,True,15.899080753326416,1,0.2076,0.336,0.287
eval_by_0.05,1.3,window_1.3s,1.25s,stride_1.25s,True,14.935004472732544,2,0.2672,0.34,0.29
eval_by_0.05,1.3,window_1.3s,1.2s,stride_1.2s,True,14.333927869796753,3,0.1897,0.324,0.274
eval_by_0.05,1.3,window_1.3s,1.3s,stride_1.3s,True,14.111693859100342,4,0.1963,0.339,0.297
eval_by_0.05,1.4,window_1.4s,0.75s,stride_0.75s,True,15.827109813690186,1,0.2168,0.35,0.303
eval_by_0.05,1.4,window_1.4s,0.7s,stride_0.7s,True,16.44654369354248,2,0.312,0.366,0.299
eval_by_0.05,1.4,window_1.4s,0.85s,stride_0.85s,True,16.56296944618225,3,0.1847,0.355,0.295
eval_by_0.05,1.4,window_1.4s,0.8s,stride_0.8s,True,16.77887988090515,4,0.1874,0.345,0.293
eval_by_0.05,1.4,window_1.4s,0.95s,stride_0.95s,True,16.226754188537598,1,0.1951,0.358,0.318
eval_by_0.05,1.4,window_1.4s,0.9s,stride_0.9s,True,17.67014193534851,2,0.1913,0.346,0.296
eval_by_0.05,1.4,window_1.4s,1.05s,stride_1.05s,True,16.675727367401123,3,0.187,0.349,0.293
eval_by_0.05,1.4,window_1.4s,1.0s,stride_1.0s,True,16.613511323928833,4,0.1782,0.35,0.3
eval_by_0.05,1.4,window_1.4s,1.15s,stride_1.15s,True,15.3942391872406,1,0.1788,0.337,0.294
eval_by_0.05,1.4,window_1.4s,1.1s,stride_1.1s,True,15.085049152374268,2,0.1913,0.341,0.289
eval_by_0.05,1.4,window_1.4s,1.25s,stride_1.25s,True,14.655802249908447,3,0.2124,0.351,0.295
eval_by_0.05,1.4,window_1.4s,1.2s,stride_1.2s,True,14.860129594802856,4,0.1969,0.334,0.292
eval_by_0.05,1.4,window_1.4s,1.35s,stride_1.35s,True,14.539203643798828,1,0.1726,0.338,0.293
eval_by_0.05,1.4,window_1.4s,1.3s,stride_1.3s,True,14.666785717010498,2,0.1829,0.341,0.29
eval_by_0.05,1.4,window_1.4s,1.4s,stride_1.4s,True,15.041001319885254,3,0.3202,0.33,0.272
eval_by_0.05,1.5,window_1.5s,0.75s,stride_0.75s,True,17.93418526649475,4,0.2172,0.348,0.294
eval_by_0.05,1.5,window_1.5s,0.85s,stride_0.85s,True,16.955179691314697,1,0.2103,0.358,0.289
eval_by_0.05,1.5,window_1.5s,0.8s,stride_0.8s,True,17.685527801513672,2,0.2121,0.355,0.299
eval_by_0.05,1.5,window_1.5s,0.95s,stride_0.95s,True,15.791534900665283,3,0.1818,0.36,0.311
eval_by_0.05,1.5,window_1.5s,0.9s,stride_0.9s,True,15.726074695587158,4,0.1989,0.362,0.307
eval_by_0.05,1.5,window_1.5s,1.05s,stride_1.05s,True,14.332334518432617,1,0.1939,0.341,0.286
eval_by_0.05,1.5,window_1.5s,1.15s,stride_1.15s,True,14.47405219078064,3,0.1736,0.348,0.298
eval_by_0.05,1.5,window_1.5s,1.0s,stride_1.0s,True,15.160127639770508,2,0.1732,0.345,0.296
eval_by_0.05,1.5,window_1.5s,1.1s,stride_1.1s,True,14.814359903335571,4,0.1894,0.348,0.285
eval_by_0.05,1.5,window_1.5s,1.25s,stride_1.25s,True,14.784759998321533,1,0.2707,0.353,0.304
eval_by_0.05,1.5,window_1.5s,1.2s,stride_1.2s,True,15.283100605010986,2,0.1943,0.343,0.293
eval_by_0.05,1.5,window_1.5s,1.35s,stride_1.35s,True,15.091102361679077,3,0.1662,0.335,0.295
eval_by_0.05,1.5,window_1.5s,1.3s,stride_1.3s,True,15.169700860977173,4,0.2083,0.351,0.297
eval_by_0.05,1.5,window_1.5s,1.45s,stride_1.45s,True,14.414073705673218,1,0.1871,0.331,0.293
eval_by_0.05,1.5,window_1.5s,1.4s,stride_1.4s,True,14.022019386291504,2,0.3212,0.337,0.28
eval_by_0.05,1.5,window_1.5s,1.5s,stride_1.5s,True,14.138145208358765,3,0.1748,0.332,0.293
eval_by_0.05,1.6,window_1.6s,0.85s,stride_0.85s,True,16.288850784301758,4,0.1998,0.363,0.293
eval_by_0.05,1.6,window_1.6s,0.8s,stride_0.8s,True,16.691834688186646,1,0.1825,0.364,0.307
eval_by_0.05,1.6,window_1.6s,0.95s,stride_0.95s,True,16.011717319488525,2,0.1791,0.355,0.295
eval_by_0.05,1.6,window_1.6s,0.9s,stride_0.9s,True,16.672356128692627,3,0.2342,0.367,0.302
eval_by_0.05,1.6,window_1.6s,1.05s,stride_1.05s,True,15.793593645095825,4,0.1755,0.352,0.285
eval_by_0.05,1.6,window_1.6s,1.0s,stride_1.0s,True,15.24042534828186,1,0.168,0.355,0.3
eval_by_0.05,1.6,window_1.6s,1.15s,stride_1.15s,True,15.344377517700195,2,0.1877,0.348,0.289
eval_by_0.05,1.6,window_1.6s,1.1s,stride_1.1s,True,15.154977321624756,3,0.2147,0.354,0.292
eval_by_0.05,1.6,window_1.6s,1.25s,stride_1.25s,True,14.483110666275024,4,0.2773,0.353,0.3
eval_by_0.05,1.6,window_1.6s,1.2s,stride_1.2s,True,14.984265804290771,1,0.1872,0.366,0.309
eval_by_0.05,1.6,window_1.6s,1.35s,stride_1.35s,True,14.799680471420288,2,0.209,0.342,0.293
eval_by_0.05,1.6,window_1.6s,1.3s,stride_1.3s,True,14.722692489624023,3,0.2195,0.354,0.292
eval_by_0.05,1.6,window_1.6s,1.45s,stride_1.45s,True,14.2092924118042,4,0.196,0.33,0.286
eval_by_0.05,1.6,window_1.6s,1.4s,stride_1.4s,True,14.19144320487976,1,0.163,0.337,0.281
eval_by_0.05,1.6,window_1.6s,1.55s,stride_1.55s,True,14.054641246795654,2,0.3188,0.353,0.305
eval_by_0.05,1.6,window_1.6s,1.5s,stride_1.5s,True,13.807021141052246,3,0.1705,0.348,0.301
eval_by_0.05,1.6,window_1.6s,1.6s,stride_1.6s,True,13.870942831039429,4,0.1923,0.333,0.286
eval_by_0.05,1.7,window_1.7s,0.85s,stride_0.85s,True,15.687644720077515,1,0.1393,0.353,0.291
eval_by_0.05,1.7,window_1.7s,0.95s,stride_0.95s,True,15.63001036643982,2,0.1727,0.351,0.285
eval_by_0.05,1.7,window_1.7s,0.9s,stride_0.9s,True,15.655373334884644,3,0.2327,0.358,0.298
eval_by_0.05,1.7,window_1.7s,1.05s,stride_1.05s,True,15.672605752944946,4,0.1884,0.347,0.28
eval_by_0.05,1.7,window_1.7s,1.0s,stride_1.0s,True,15.27513599395752,1,0.1741,0.339,0.288
eval_by_0.05,1.7,window_1.7s,1.15s,stride_1.15s,True,15.596420526504517,2,0.1777,0.358,0.295
eval_by_0.05,1.7,window_1.7s,1.1s,stride_1.1s,True,15.673689126968384,3,0.1929,0.346,0.295
eval_by_0.05,1.7,window_1.7s,1.25s,stride_1.25s,True,15.043996572494507,4,0.1495,0.341,0.287
eval_by_0.05,1.7,window_1.7s,1.2s,stride_1.2s,True,15.644781112670898,1,0.1505,0.358,0.291
eval_by_0.05,1.7,window_1.7s,1.35s,stride_1.35s,True,15.058623790740967,2,0.1671,0.344,0.289
eval_by_0.05,1.7,window_1.7s,1.3s,stride_1.3s,True,15.057904958724976,3,0.1677,0.342,0.282
eval_by_0.05,1.7,window_1.7s,1.45s,stride_1.45s,True,14.759058475494385,4,0.2103,0.322,0.273
eval_by_0.05,1.7,window_1.7s,1.4s,stride_1.4s,True,14.76822566986084,1,0.1886,0.333,0.278
eval_by_0.05,1.7,window_1.7s,1.55s,stride_1.55s,True,14.235317707061768,2,0.3234,0.343,0.292
eval_by_0.05,1.7,window_1.7s,1.5s,stride_1.5s,True,14.33957839012146,3,0.1777,0.343,0.292
eval_by_0.05,1.7,window_1.7s,1.65s,stride_1.65s,True,14.019248485565186,4,0.1868,0.336,0.294
eval_by_0.05,1.7,window_1.7s,1.6s,stride_1.6s,True,14.326310873031616,1,0.2408,0.338,0.279
eval_by_0.05,1.7,window_1.7s,1.7s,stride_1.7s,True,14.125993490219116,2,0.1619,0.329,0.294
eval_by_0.05,1.8,window_1.8s,0.95s,stride_0.95s,True,16.33500647544861,3,0.1455,0.346,0.278
eval_by_0.05,1.8,window_1.8s,0.9s,stride_0.9s,True,16.111228466033936,4,0.2312,0.361,0.302
eval_by_0.05,1.8,window_1.8s,1.05s,stride_1.05s,True,16.045612335205078,1,0.2327,0.356,0.291
eval_by_0.05,1.8,window_1.8s,1.0s,stride_1.0s,True,15.759844064712524,2,0.1748,0.344,0.286
eval_by_0.05,1.8,window_1.8s,1.15s,stride_1.15s,True,15.548673391342163,3,0.171,0.353,0.292
eval_by_0.05,1.8,window_1.8s,1.1s,stride_1.1s,True,15.314041137695312,4,0.18,0.347,0.294
eval_by_0.05,1.8,window_1.8s,1.25s,stride_1.25s,True,14.905755519866943,1,0.1501,0.36,0.305
eval_by_0.05,1.8,window_1.8s,1.2s,stride_1.2s,True,14.72852110862732,2,0.1614,0.358,0.3
eval_by_0.05,1.8,window_1.8s,1.35s,stride_1.35s,True,14.759623765945435,3,0.1601,0.35,0.303
eval_by_0.05,1.8,window_1.8s,1.3s,stride_1.3s,True,14.53131890296936,4,0.1559,0.336,0.284
eval_by_0.05,1.8,window_1.8s,1.45s,stride_1.45s,True,14.630527019500732,1,0.1965,0.347,0.296
eval_by_0.05,1.8,window_1.8s,1.4s,stride_1.4s,True,14.429618835449219,2,0.1963,0.336,0.281
eval_by_0.05,1.8,window_1.8s,1.55s,stride_1.55s,True,14.587149381637573,3,0.2636,0.338,0.279
eval_by_0.05,1.8,window_1.8s,1.5s,stride_1.5s,True,14.545700788497925,4,0.1919,0.351,0.295
eval_by_0.05,1.8,window_1.8s,1.65s,stride_1.65s,True,13.985992431640625,1,0.2586,0.337,0.284
eval_by_0.05,1.8,window_1.8s,1.6s,stride_1.6s,True,14.127347469329834,2,0.297,0.33,0.281
eval_by_0.05,1.8,window_1.8s,1.75s,stride_1.75s,True,13.519951105117798,3,0.1946,0.336,0.283
eval_by_0.05,1.8,window_1.8s,1.7s,stride_1.7s,True,13.647518634796143,4,0.1659,0.324,0.289
eval_by_0.05,1.8,window_1.8s,1.8s,stride_1.8s,True,13.718777894973755,1,0.1602,0.345,0.293
eval_by_0.05,1.9,window_1.9s,0.95s,stride_0.95s,True,15.929337978363037,2,0.3169,0.349,0.284
eval_by_0.05,1.9,window_1.9s,1.05s,stride_1.05s,True,16.03538465499878,3,0.2814,0.35,0.289
eval_by_0.05,1.9,window_1.9s,1.0s,stride_1.0s,True,15.783605337142944,4,0.177,0.337,0.289
eval_by_0.05,1.9,window_1.9s,1.15s,stride_1.15s,True,15.66485595703125,1,0.1633,0.34,0.29
eval_by_0.05,1.9,window_1.9s,1.1s,stride_1.1s,True,15.241076231002808,2,0.1747,0.344,0.291
eval_by_0.05,1.9,window_1.9s,1.25s,stride_1.25s,True,15.15485143661499,3,0.1573,0.359,0.305
eval_by_0.05,1.9,window_1.9s,1.2s,stride_1.2s,True,14.739595413208008,4,0.1494,0.336,0.286
eval_by_0.05,1.9,window_1.9s,1.35s,stride_1.35s,True,14.789289712905884,1,0.1628,0.339,0.292
eval_by_0.05,1.9,window_1.9s,1.3s,stride_1.3s,True,14.669917583465576,2,0.1626,0.336,0.284
eval_by_0.05,1.9,window_1.9s,1.45s,stride_1.45s,True,14.187231302261353,3,0.1967,0.331,0.295
eval_by_0.05,1.9,window_1.9s,1.4s,stride_1.4s,True,14.376708745956421,4,0.1697,0.322,0.272
eval_by_0.05,1.9,window_1.9s,1.55s,stride_1.55s,True,14.254788875579834,1,0.1808,0.346,0.295
eval_by_0.05,1.9,window_1.9s,1.5s,stride_1.5s,True,14.82429027557373,2,0.1813,0.34,0.289
eval_by_0.05,1.9,window_1.9s,1.65s,stride_1.65s,True,14.344894409179688,3,0.2079,0.342,0.289
eval_by_0.05,1.9,window_1.9s,1.6s,stride_1.6s,True,14.204416990280151,4,0.3023,0.322,0.272
eval_by_0.05,1.9,window_1.9s,1.75s,stride_1.75s,True,13.696892023086548,1,0.1976,0.325,0.285
eval_by_0.05,1.9,window_1.9s,1.7s,stride_1.7s,True,13.71327543258667,2,0.1578,0.316,0.283
eval_by_0.05,1.9,window_1.9s,1.85s,stride_1.85s,True,13.869277715682983,3,0.16,0.337,0.284
eval_by_0.05,1.9,window_1.9s,1.8s,stride_1.8s,True,13.63812518119812,4,0.1496,0.326,0.277
eval_by_0.05,1.9,window_1.9s,1.9s,stride_1.9s,True,13.575338363647461,1,0.3211,0.325,0.272
eval_by_0.05,2.0,window_2.0s,1.05s,stride_1.05s,True,15.172679901123047,2,0.3005,0.347,0.29
eval_by_0.05,2.0,window_2.0s,1.0s,stride_1.0s,True,14.82986831665039,3,0.1589,0.35,0.297
eval_by_0.05,2.0,window_2.0s,1.15s,stride_1.15s,True,14.543893575668335,4,0.187,0.339,0.296
eval_by_0.05,2.0,window_2.0s,1.1s,stride_1.1s,True,14.567322015762329,1,0.1618,0.347,0.294
eval_by_0.05,2.0,window_2.0s,1.25s,stride_1.25s,True,14.360561609268188,2,0.166,0.352,0.3
eval_by_0.05,2.0,window_2.0s,1.2s,stride_1.2s,True,14.490202903747559,3,0.1931,0.335,0.294
eval_by_0.05,2.0,window_2.0s,1.35s,stride_1.35s,True,14.361911058425903,4,0.1714,0.341,0.292
eval_by_0.05,2.0,window_2.0s,1.3s,stride_1.3s,True,13.920063495635986,1,0.1534,0.331,0.278
eval_by_0.05,2.0,window_2.0s,1.45s,stride_1.45s,True,13.439092636108398,2,0.1547,0.348,0.3
eval_by_0.05,2.0,window_2.0s,1.4s,stride_1.4s,True,13.720611572265625,3,0.1788,0.332,0.277
eval_by_0.05,2.0,window_2.0s,1.55s,stride_1.55s,True,13.42320203781128,4,0.1862,0.325,0.28
eval_by_0.05,2.0,window_2.0s,1.5s,stride_1.5s,True,13.790184259414673,1,0.1724,0.33,0.286
eval_by_0.05,2.0,window_2.0s,1.65s,stride_1.65s,True,13.446976900100708,2,0.2237,0.341,0.287
eval_by_0.05,2.0,window_2.0s,1.75s,stride_1.75s,True,13.195011854171753,4,0.187,0.327,0.277
eval_by_0.05,2.0,window_2.0s,1.6s,stride_1.6s,True,13.6228609085083,3,0.1574,0.334,0.287
eval_by_0.05,2.0,window_2.0s,1.7s,stride_1.7s,True,14.344378232955933,1,0.1616,0.32,0.284
eval_by_0.05,2.0,window_2.0s,1.85s,stride_1.85s,True,13.75040078163147,2,0.1329,0.342,0.288
eval_by_0.05,2.0,window_2.0s,1.8s,stride_1.8s,True,14.089728355407715,3,0.1511,0.333,0.285
eval_by_0.05,2.0,window_2.0s,1.95s,stride_1.95s,True,14.284915208816528,4,0.2999,0.329,0.283
eval_by_0.05,2.0,window_2.0s,1.9s,stride_1.9s,True,13.306485652923584,1,0.3156,0.328,0.278
eval_by_0.05,2.0,window_2.0s,2.0s,stride_2.0s,True,13.14572787284851,2,0.1543,0.319,0.289
eval_percent,0.3,window_0.3s,100.0%,stride_100.0%,True,53.262192249298096,4,0.3161,0.384,0.321
eval_percent,0.3,window_0.3s,30.0%,stride_30.0%,True,93.90002703666687,2,0.2995,0.402,0.33
eval_percent,0.3,window_0.3s,20.0%,stride_20.0%,True,103.21933794021606,1,0.2883,0.4,0.311
eval_percent,0.3,window_0.3s,10.0%,stride_10.0%,True,122.55076050758362,3,0.2792,0.402,0.297
eval_percent,0.3,window_0.3s,40.0%,stride_40.0%,True,83.63778138160706,3,0.3061,0.398,0.32
eval_percent,0.3,window_0.3s,60.0%,stride_60.0%,True,71.303151845932,1,0.3122,0.393,0.33
eval_percent,0.3,window_0.3s,50.0%,stride_50.0%,True,78.11425375938416,4,0.3116,0.4,0.342
eval_percent,0.3,window_0.3s,70.0%,stride_70.0%,True,69.52964496612549,2,0.3348,0.379,0.315
eval_percent,0.3,window_0.3s,80.0%,stride_80.0%,True,62.32759141921997,3,0.3404,0.39,0.323
eval_percent,0.4,window_0.4s,100.0%,stride_100.0%,True,41.89696216583252,2,0.3014,0.391,0.342
eval_percent,0.3,window_0.3s,90.0%,stride_90.0%,True,60.62238645553589,4,0.3263,0.384,0.327
eval_percent,0.4,window_0.4s,10.0%,stride_10.0%,True,90.31714916229248,1,0.261,0.398,0.306
eval_percent,0.4,window_0.4s,20.0%,stride_20.0%,True,78.01221919059753,3,0.2605,0.399,0.321
eval_percent,0.4,window_0.4s,40.0%,stride_40.0%,True,60.065473318099976,1,0.2729,0.397,0.326
eval_percent,0.4,window_0.4s,30.0%,stride_30.0%,True,67.48964953422546,4,0.2684,0.396,0.325
eval_percent,0.4,window_0.4s,60.0%,stride_60.0%,True,52.30570459365845,3,0.2912,0.38,0.316
eval_percent,0.4,window_0.4s,50.0%,stride_50.0%,True,56.796250104904175,2,0.2898,0.4,0.347
eval_percent,0.4,window_0.4s,80.0%,stride_80.0%,True,47.00852847099304,1,0.2931,0.39,0.331
eval_percent,0.4,window_0.4s,70.0%,stride_70.0%,True,50.30753803253174,4,0.3083,0.403,0.348
eval_percent,0.4,window_0.4s,90.0%,stride_90.0%,True,42.59031629562378,2,0.3021,0.375,0.321
eval_percent,0.5,window_0.5s,100.0%,stride_100.0%,True,32.643388986587524,4,0.2949,0.363,0.319
eval_percent,0.5,window_0.5s,10.0%,stride_10.0%,True,71.7022602558136,3,0.2429,0.405,0.325
eval_percent,0.5,window_0.5s,20.0%,stride_20.0%,True,61.617923736572266,1,0.2534,0.403,0.336
eval_percent,0.5,window_0.5s,30.0%,stride_30.0%,True,53.93592810630798,2,0.2418,0.407,0.347
eval_percent,0.5,window_0.5s,40.0%,stride_40.0%,True,48.69650864601135,3,0.2811,0.394,0.336
eval_percent,0.5,window_0.5s,50.0%,stride_50.0%,True,44.25744700431824,4,0.2622,0.392,0.338
eval_percent,0.5,window_0.5s,60.0%,stride_60.0%,True,39.84381890296936,1,0.2744,0.39,0.331
eval_percent,0.5,window_0.5s,70.0%,stride_70.0%,True,37.33269238471985,2,0.2958,0.395,0.339
eval_percent,0.5,window_0.5s,80.0%,stride_80.0%,True,35.78374910354614,3,0.2897,0.386,0.332
eval_percent,0.5,window_0.5s,90.0%,stride_90.0%,True,33.05036234855652,4,0.2867,0.366,0.312
eval_percent,0.6,window_0.6s,100.0%,stride_100.0%,True,26.238941192626953,2,0.2886,0.361,0.315
eval_percent,0.6,window_0.6s,10.0%,stride_10.0%,True,55.89562106132507,1,0.2257,0.394,0.313
eval_percent,0.6,window_0.6s,20.0%,stride_20.0%,True,48.69860553741455,3,0.2303,0.393,0.329
eval_percent,0.6,window_0.6s,30.0%,stride_30.0%,True,43.48723840713501,4,0.2465,0.399,0.341
eval_percent,0.6,window_0.6s,40.0%,stride_40.0%,True,39.430541038513184,1,0.2666,0.383,0.322
eval_percent,0.6,window_0.6s,50.0%,stride_50.0%,True,36.32721424102783,2,0.2599,0.39,0.333
eval_percent,0.6,window_0.6s,60.0%,stride_60.0%,True,34.81615209579468,3,0.2612,0.399,0.345
eval_percent,0.6,window_0.6s,70.0%,stride_70.0%,True,32.10208749771118,4,0.2591,0.369,0.325
eval_percent,0.6,window_0.6s,80.0%,stride_80.0%,True,29.639380931854248,1,0.286,0.357,0.31
eval_percent,0.6,window_0.6s,90.0%,stride_90.0%,True,27.953145027160645,2,0.2927,0.375,0.329
eval_percent,0.7,window_0.7s,100.0%,stride_100.0%,True,23.066872119903564,4,0.2665,0.336,0.3
eval_percent,0.7,window_0.7s,10.0%,stride_10.0%,True,49.08790612220764,3,0.2072,0.389,0.307
eval_percent,0.7,window_0.7s,20.0%,stride_20.0%,True,43.338680028915405,1,0.2215,0.384,0.317
eval_percent,0.7,window_0.7s,30.0%,stride_30.0%,True,38.341532945632935,2,0.2356,0.396,0.331
eval_percent,0.7,window_0.7s,40.0%,stride_40.0%,True,34.43311619758606,3,0.262,0.389,0.332
eval_percent,0.7,window_0.7s,50.0%,stride_50.0%,True,31.877422332763672,4,0.2467,0.375,0.326
eval_percent,0.7,window_0.7s,60.0%,stride_60.0%,True,30.280654191970825,1,0.262,0.362,0.319
eval_percent,0.7,window_0.7s,70.0%,stride_70.0%,True,28.92732882499695,2,0.2863,0.382,0.326
eval_percent,0.7,window_0.7s,80.0%,stride_80.0%,True,26.705838918685913,3,0.269,0.356,0.312
eval_percent,0.7,window_0.7s,90.0%,stride_90.0%,True,25.00332736968994,4,0.2789,0.365,0.322
eval_percent,0.8,window_0.8s,100.0%,stride_100.0%,True,20.910234689712524,2,0.2788,0.354,0.311
eval_percent,0.8,window_0.8s,10.0%,stride_10.0%,True,42.7853901386261,1,0.1986,0.393,0.32
eval_percent,0.8,window_0.8s,20.0%,stride_20.0%,True,37.189518213272095,3,0.2046,0.382,0.314
eval_percent,0.8,window_0.8s,30.0%,stride_30.0%,True,32.21855568885803,4,0.2227,0.383,0.32
eval_percent,0.8,window_0.8s,40.0%,stride_40.0%,True,30.561378479003906,1,0.2218,0.369,0.309
eval_percent,0.8,window_0.8s,60.0%,stride_60.0%,True,25.558921098709106,3,0.2619,0.372,0.321
eval_percent,0.8,window_0.8s,50.0%,stride_50.0%,True,27.24192452430725,2,0.2275,0.367,0.316
eval_percent,0.8,window_0.8s,70.0%,stride_70.0%,True,24.037583351135254,4,0.2484,0.366,0.311
eval_percent,0.8,window_0.8s,80.0%,stride_80.0%,True,22.721805572509766,1,0.2642,0.351,0.307
eval_percent,0.8,window_0.8s,90.0%,stride_90.0%,True,21.16293716430664,2,0.2372,0.378,0.328
eval_percent,0.9,window_0.9s,100.0%,stride_100.0%,True,19.145248889923096,4,0.2444,0.369,0.319
eval_percent,0.9,window_0.9s,10.0%,stride_10.0%,True,35.98507261276245,3,0.1924,0.388,0.309
eval_percent,0.9,window_0.9s,20.0%,stride_20.0%,True,31.435505390167236,1,0.2129,0.388,0.324
eval_percent,0.9,window_0.9s,30.0%,stride_30.0%,True,30.32723903656006,2,0.2085,0.375,0.306
eval_percent,0.9,window_0.9s,40.0%,stride_40.0%,True,28.0321261882782,3,0.2229,0.369,0.311
eval_percent,0.9,window_0.9s,50.0%,stride_50.0%,True,25.969923734664917,4,0.2236,0.385,0.331
eval_percent,0.9,window_0.9s,60.0%,stride_60.0%,True,24.472350597381592,1,0.2519,0.372,0.313
eval_percent,0.9,window_0.9s,70.0%,stride_70.0%,True,21.726701974868774,2,0.2504,0.354,0.324
eval_percent,0.9,window_0.9s,80.0%,stride_80.0%,True,19.860398292541504,3,0.2296,0.354,0.303
eval_percent,0.9,window_0.9s,90.0%,stride_90.0%,True,19.0852689743042,4,0.259,0.331,0.293
eval_percent,1.0,window_1.0s,100.0%,stride_100.0%,True,15.938819885253906,2,0.2258,0.349,0.299
eval_percent,1.0,window_1.0s,10.0%,stride_10.0%,True,30.025609970092773,1,0.2045,0.379,0.298
eval_percent,1.0,window_1.0s,20.0%,stride_20.0%,True,25.84021019935608,3,0.2153,0.376,0.302
eval_percent,1.0,window_1.0s,30.0%,stride_30.0%,True,23.153897523880005,4,0.2005,0.379,0.314
eval_percent,1.0,window_1.0s,40.0%,stride_40.0%,True,22.35800552368164,1,0.197,0.375,0.305
eval_percent,1.0,window_1.0s,50.0%,stride_50.0%,True,22.58949303627014,2,0.222,0.369,0.318
eval_percent,1.0,window_1.0s,60.0%,stride_60.0%,True,22.072354793548584,3,0.2024,0.371,0.312
eval_percent,1.0,window_1.0s,70.0%,stride_70.0%,True,21.3953857421875,4,0.2775,0.361,0.304
eval_percent,1.0,window_1.0s,80.0%,stride_80.0%,True,20.49633502960205,1,0.2392,0.344,0.296
eval_percent,1.0,window_1.0s,90.0%,stride_90.0%,True,17.91798186302185,2,0.2333,0.342,0.301
eval_percent,1.1,window_1.1s,100.0%,stride_100.0%,True,15.801455020904541,4,0.2821,0.351,0.303
eval_percent,1.1,window_1.1s,10.0%,stride_10.0%,True,29.406861782073975,3,0.1971,0.393,0.308
eval_percent,1.1,window_1.1s,20.0%,stride_20.0%,True,25.160088062286377,1,0.2116,0.382,0.299
eval_percent,1.1,window_1.1s,30.0%,stride_30.0%,True,23.07888960838318,2,0.2169,0.37,0.305
eval_percent,1.1,window_1.1s,40.0%,stride_40.0%,True,20.534891605377197,3,0.2361,0.379,0.302
eval_percent,1.1,window_1.1s,50.0%,stride_50.0%,True,18.55149531364441,4,0.2363,0.375,0.319
eval_percent,1.1,window_1.1s,60.0%,stride_60.0%,True,17.828349351882935,1,0.1991,0.362,0.294
eval_percent,1.1,window_1.1s,70.0%,stride_70.0%,True,17.007039785385132,2,0.1815,0.355,0.299
eval_percent,1.1,window_1.1s,80.0%,stride_80.0%,True,16.761285066604614,3,0.1702,0.357,0.301
eval_percent,1.1,window_1.1s,90.0%,stride_90.0%,True,17.1602942943573,4,0.2097,0.332,0.285
eval_percent,1.2,window_1.2s,100.0%,stride_100.0%,True,16.498616933822632,2,0.2023,0.341,0.294
eval_percent,1.2,window_1.2s,10.0%,stride_10.0%,True,29.14288067817688,1,0.1805,0.402,0.309
eval_percent,1.2,window_1.2s,20.0%,stride_20.0%,True,26.451422691345215,3,0.1935,0.379,0.304
eval_percent,1.2,window_1.2s,30.0%,stride_30.0%,True,24.803969621658325,4,0.1778,0.376,0.301
eval_percent,1.2,window_1.2s,40.0%,stride_40.0%,True,22.97751760482788,1,0.212,0.371,0.311
eval_percent,1.2,window_1.2s,50.0%,stride_50.0%,True,20.893275499343872,2,0.2285,0.366,0.304
eval_percent,1.2,window_1.2s,60.0%,stride_60.0%,True,20.066956043243408,3,0.2283,0.351,0.302
eval_percent,1.2,window_1.2s,70.0%,stride_70.0%,True,18.118300914764404,4,0.1745,0.35,0.293
eval_percent,1.2,window_1.2s,80.0%,stride_80.0%,True,17.375089168548584,1,0.1811,0.369,0.315
eval_percent,1.2,window_1.2s,90.0%,stride_90.0%,True,16.053818464279175,2,0.1687,0.341,0.296
eval_percent,1.3,window_1.3s,100.0%,stride_100.0%,True,14.947997331619263,4,0.1963,0.339,0.297
eval_percent,1.3,window_1.3s,10.0%,stride_10.0%,True,25.813041925430298,3,0.1628,0.395,0.299
eval_percent,1.3,window_1.3s,20.0%,stride_20.0%,True,21.321738243103027,1,0.1785,0.388,0.306
eval_percent,1.3,window_1.3s,30.0%,stride_30.0%,True,19.708573818206787,2,0.1801,0.372,0.307
eval_percent,1.3,window_1.3s,40.0%,stride_40.0%,True,17.80341386795044,3,0.206,0.358,0.293
eval_percent,1.3,window_1.3s,50.0%,stride_50.0%,True,16.952894687652588,4,0.1908,0.363,0.303
eval_percent,1.3,window_1.3s,60.0%,stride_60.0%,True,15.910944700241089,1,0.1949,0.354,0.306
eval_percent,1.3,window_1.3s,70.0%,stride_70.0%,True,15.283974409103394,2,0.2553,0.358,0.306
eval_percent,1.3,window_1.3s,80.0%,stride_80.0%,True,14.574428796768188,3,0.2308,0.345,0.292
eval_percent,1.3,window_1.3s,90.0%,stride_90.0%,True,14.168952941894531,4,0.2172,0.347,0.293
eval_percent,1.4,window_1.4s,100.0%,stride_100.0%,True,13.326963186264038,2,0.3202,0.33,0.272
eval_percent,1.4,window_1.4s,10.0%,stride_10.0%,True,22.278063774108887,1,0.1549,0.392,0.296
eval_percent,1.4,window_1.4s,20.0%,stride_20.0%,True,19.89625382423401,3,0.1524,0.382,0.295
eval_percent,1.4,window_1.4s,30.0%,stride_30.0%,True,18.16839599609375,4,0.1661,0.377,0.314
eval_percent,1.4,window_1.4s,40.0%,stride_40.0%,True,16.854230403900146,1,0.1636,0.375,0.302
eval_percent,1.4,window_1.4s,50.0%,stride_50.0%,True,16.691549062728882,2,0.312,0.366,0.299
eval_percent,1.4,window_1.4s,60.0%,stride_60.0%,True,16.16724395751953,3,0.1661,0.366,0.304
eval_percent,1.4,window_1.4s,70.0%,stride_70.0%,True,15.448115587234497,4,0.1609,0.348,0.283
eval_percent,1.4,window_1.4s,80.0%,stride_80.0%,True,15.889098644256592,1,0.1702,0.347,0.297
eval_percent,1.4,window_1.4s,90.0%,stride_90.0%,True,14.780240058898926,2,0.2124,0.341,0.294
eval_percent,1.5,window_1.5s,100.0%,stride_100.0%,True,15.036388397216797,4,0.1748,0.332,0.293
eval_percent,1.5,window_1.5s,10.0%,stride_10.0%,True,23.551780939102173,3,0.1692,0.385,0.301
eval_percent,1.5,window_1.5s,20.0%,stride_20.0%,True,20.44099497795105,1,0.1664,0.38,0.307
eval_percent,1.5,window_1.5s,30.0%,stride_30.0%,True,18.634746074676514,2,0.1932,0.369,0.301
eval_percent,1.5,window_1.5s,40.0%,stride_40.0%,True,16.332247257232666,3,0.1826,0.36,0.302
eval_percent,1.5,window_1.5s,50.0%,stride_50.0%,True,15.18056607246399,4,0.2172,0.348,0.294
eval_percent,1.5,window_1.5s,60.0%,stride_60.0%,True,14.864954710006714,1,0.1989,0.362,0.307
eval_percent,1.5,window_1.5s,70.0%,stride_70.0%,True,14.203327894210815,2,0.1939,0.341,0.286
eval_percent,1.5,window_1.5s,80.0%,stride_80.0%,True,13.387739896774292,3,0.1943,0.343,0.293
eval_percent,1.5,window_1.5s,90.0%,stride_90.0%,True,13.298115730285645,4,0.1662,0.335,0.295
eval_percent,1.6,window_1.6s,100.0%,stride_100.0%,True,12.902468204498291,2,0.1923,0.333,0.286
eval_percent,1.6,window_1.6s,10.0%,stride_10.0%,True,19.870049238204956,1,0.1907,0.389,0.299
eval_percent,1.6,window_1.6s,20.0%,stride_20.0%,True,18.172306537628174,3,0.171,0.374,0.295
eval_percent,1.6,window_1.6s,30.0%,stride_30.0%,True,17.220966339111328,4,0.1978,0.387,0.314
eval_percent,1.6,window_1.6s,40.0%,stride_40.0%,True,16.15194082260132,1,0.2165,0.347,0.284
eval_percent,1.6,window_1.6s,50.0%,stride_50.0%,True,15.520219326019287,2,0.1825,0.364,0.307
eval_percent,1.6,window_1.6s,60.0%,stride_60.0%,True,14.935067415237427,3,0.1803,0.356,0.299
eval_percent,1.6,window_1.6s,70.0%,stride_70.0%,True,13.959469318389893,4,0.1591,0.353,0.3
eval_percent,1.6,window_1.6s,80.0%,stride_80.0%,True,13.260646104812622,1,0.2122,0.326,0.276
eval_percent,1.6,window_1.6s,90.0%,stride_90.0%,True,13.016414880752563,2,0.227,0.35,0.3
eval_percent,1.7,window_1.7s,100.0%,stride_100.0%,True,12.290402889251709,4,0.1619,0.329,0.294
eval_percent,1.7,window_1.7s,10.0%,stride_10.0%,True,19.475290298461914,3,0.2069,0.379,0.296
eval_percent,1.7,window_1.7s,20.0%,stride_20.0%,True,17.15218448638916,1,0.2184,0.377,0.305
eval_percent,1.7,window_1.7s,30.0%,stride_30.0%,True,15.782799243927002,2,0.177,0.376,0.305
eval_percent,1.7,window_1.7s,40.0%,stride_40.0%,True,14.889098405838013,3,0.2452,0.366,0.303
eval_percent,1.7,window_1.7s,50.0%,stride_50.0%,True,13.812955379486084,4,0.1393,0.353,0.291
eval_percent,1.7,window_1.7s,60.0%,stride_60.0%,True,13.250889301300049,1,0.1803,0.36,0.302
eval_percent,1.7,window_1.7s,70.0%,stride_70.0%,True,13.401402711868286,2,0.1519,0.348,0.294
eval_percent,1.7,window_1.7s,80.0%,stride_80.0%,True,13.045179843902588,3,0.1762,0.351,0.302
eval_percent,1.7,window_1.7s,90.0%,stride_90.0%,True,12.537693977355957,4,0.1831,0.355,0.306
eval_percent,1.8,window_1.8s,100.0%,stride_100.0%,True,12.447619915008545,2,0.1602,0.345,0.293
eval_percent,1.8,window_1.8s,10.0%,stride_10.0%,True,19.017807960510254,1,0.1983,0.396,0.31
eval_percent,1.8,window_1.8s,20.0%,stride_20.0%,True,17.300485372543335,3,0.1876,0.385,0.309
eval_percent,1.8,window_1.8s,30.0%,stride_30.0%,True,16.20689868927002,4,0.1957,0.375,0.308
eval_percent,1.8,window_1.8s,40.0%,stride_40.0%,True,14.690433979034424,1,0.1519,0.373,0.314
eval_percent,1.8,window_1.8s,50.0%,stride_50.0%,True,13.83021855354309,2,0.2312,0.361,0.302
eval_percent,1.8,window_1.8s,70.0%,stride_70.0%,True,12.84759783744812,4,0.2051,0.349,0.287
eval_percent,1.8,window_1.8s,60.0%,stride_60.0%,True,13.79602837562561,3,0.2181,0.354,0.294
eval_percent,1.8,window_1.8s,80.0%,stride_80.0%,True,12.954881191253662,1,0.1611,0.357,0.306
eval_percent,1.8,window_1.8s,90.0%,stride_90.0%,True,12.64352822303772,2,0.1748,0.341,0.303
eval_percent,1.9,window_1.9s,100.0%,stride_100.0%,True,11.854368925094604,4,0.3211,0.325,0.272
eval_percent,1.9,window_1.9s,10.0%,stride_10.0%,True,18.214643001556396,3,0.2391,0.386,0.3
eval_percent,1.9,window_1.9s,20.0%,stride_20.0%,True,16.19108748435974,1,0.2456,0.375,0.303
eval_percent,1.9,window_1.9s,30.0%,stride_30.0%,True,14.934139490127563,2,0.1438,0.379,0.31
eval_percent,1.9,window_1.9s,40.0%,stride_40.0%,True,14.009324312210083,3,0.148,0.355,0.291
eval_percent,1.9,window_1.9s,50.0%,stride_50.0%,True,14.155604124069214,4,0.3169,0.349,0.284
eval_percent,1.9,window_1.9s,60.0%,stride_60.0%,True,14.036346435546875,1,0.1565,0.365,0.306
eval_percent,1.9,window_1.9s,70.0%,stride_70.0%,True,13.791980981826782,2,0.3059,0.349,0.28
eval_percent,1.9,window_1.9s,80.0%,stride_80.0%,True,13.582367658615112,3,0.1559,0.343,0.298
eval_percent,1.9,window_1.9s,90.0%,stride_90.0%,True,12.666449069976807,4,0.1918,0.345,0.303
eval_percent,2.0,window_2.0s,100.0%,stride_100.0%,True,11.52601408958435,2,0.1543,0.319,0.289
eval_percent,2.0,window_2.0s,10.0%,stride_10.0%,True,17.493704319000244,1,0.248,0.382,0.302
eval_percent,2.0,window_2.0s,20.0%,stride_20.0%,True,15.959573745727539,3,0.1826,0.373,0.307
eval_percent,2.0,window_2.0s,30.0%,stride_30.0%,True,14.743973731994629,4,0.1859,0.37,0.312
eval_percent,2.0,window_2.0s,40.0%,stride_40.0%,True,14.193156242370605,1,0.1674,0.355,0.297
eval_percent,2.0,window_2.0s,50.0%,stride_50.0%,True,13.63638710975647,2,0.1589,0.35,0.297
eval_percent,2.0,window_2.0s,60.0%,stride_60.0%,True,13.076976776123047,3,0.1931,0.335,0.294
eval_percent,2.0,window_2.0s,70.0%,stride_70.0%,True,12.754492282867432,4,0.1788,0.332,0.277
eval_percent,2.0,window_2.0s,80.0%,stride_80.0%,True,12.062805891036987,1,0.1574,0.334,0.287
eval_percent,2.0,window_2.0s,90.0%,stride_90.0%,True,11.068268060684204,2,0.1511,0.333,0.285
