eval_type,window,stride,success,duration_seconds,worker_id,window_f1,word_f1,combined_iou
eval_by_0.05,window_0.3s,stride_0.25s,True,846.32639336586,3,0.0744,0.9169,0.2486
eval_by_0.05,window_0.3s,stride_0.2s,True,999.5266270637512,4,0.0715,0.9322,0.234
eval_by_0.05,window_0.3s,stride_0.15s,True,1221.4009983539581,2,0.0736,0.9686,0.2286
eval_by_0.05,window_0.3s,stride_0.125s,True,1383.845859527588,1,0.0739,0.9742,0.2094
eval_by_0.05,window_0.3s,stride_0.3s,True,586.7457737922668,1,0.073,0.8964,0.2312
eval_by_0.05,window_0.4s,stride_0.25s,True,714.5513870716095,2,0.0978,0.9043,0.1925
eval_by_0.05,window_0.4s,stride_0.35s,True,598.6871376037598,4,0.1027,0.87,0.1941
eval_by_0.05,window_0.4s,stride_0.3s,True,680.6564109325409,1,0.1003,0.8964,0.2006
eval_by_0.05,window_0.4s,stride_0.2s,True,901.9645690917969,3,0.1007,0.9456,0.1878
eval_by_0.05,window_0.4s,stride_0.4s,True,480.1399347782135,2,0.1003,0.8261,0.178
eval_by_0.05,window_0.5s,stride_0.45s,True,477.42700600624084,2,0.1243,0.8,0.1509
eval_by_0.05,window_0.5s,stride_0.35s,True,569.9430177211761,4,0.1259,0.8545,0.1561
eval_by_0.05,window_0.5s,stride_0.25s,True,709.5299060344696,3,0.1235,0.9012,0.1498
eval_by_0.05,window_0.5s,stride_0.3s,True,628.7499771118164,1,0.1288,0.88,0.1553
eval_by_0.05,window_0.5s,stride_0.5s,True,390.88670325279236,4,0.123,0.7707,0.145
eval_by_0.05,window_0.5s,stride_0.4s,True,463.3018972873688,3,0.1273,0.8369,0.1597
eval_by_0.05,window_0.6s,stride_0.35s,True,580.8231384754181,1,0.1437,0.8315,0.1295
eval_by_0.05,window_0.6s,stride_0.3s,True,657.9832706451416,2,0.146,0.8614,0.1294
eval_by_0.05,window_0.6s,stride_0.45s,True,429.674959897995,3,0.1437,0.7707,0.1259
eval_by_0.05,window_0.6s,stride_0.4s,True,485.23051929473877,4,0.1564,0.8458,0.137
eval_by_0.05,window_0.6s,stride_0.55s,True,360.2623932361603,1,0.154,0.74,0.1242
eval_by_0.05,window_0.6s,stride_0.5s,True,408.5174789428711,2,0.1487,0.7787,0.1251
eval_by_0.05,window_0.6s,stride_0.6s,True,361.64696192741394,3,0.1467,0.7077,0.1153
eval_by_0.05,window_0.7s,stride_0.45s,True,483.5126676559448,1,0.168,0.7826,0.113
eval_by_0.05,window_0.7s,stride_0.35s,True,597.5775094032288,4,0.1604,0.8132,0.1051
eval_by_0.05,window_0.7s,stride_0.55s,True,426.17968916893005,3,0.1605,0.7421,0.1046
eval_by_0.05,window_0.7s,stride_0.4s,True,552.6522600650787,2,0.1612,0.7904,0.1078
eval_by_0.05,window_0.7s,stride_0.5s,True,447.23129892349243,4,0.1698,0.7747,0.1101
eval_by_0.05,window_0.7s,stride_0.65s,True,358.40965247154236,1,0.1583,0.6806,0.0944
eval_by_0.05,window_0.7s,stride_0.6s,True,363.4971077442169,2,0.1579,0.6898,0.0972
eval_by_0.05,window_0.7s,stride_0.7s,True,317.40956711769104,3,0.1485,0.6279,0.0889
eval_by_0.05,window_0.8s,stride_0.45s,True,506.71881580352783,4,0.1685,0.74,0.0896
eval_by_0.05,window_0.8s,stride_0.55s,True,442.67279267311096,2,0.1793,0.7077,0.0898
eval_by_0.05,window_0.8s,stride_0.4s,True,546.3173089027405,1,0.1739,0.7627,0.088
eval_by_0.05,window_0.8s,stride_0.5s,True,457.9011781215668,3,0.1838,0.7379,0.096
eval_by_0.05,window_0.8s,stride_0.65s,True,349.68669533729553,4,0.1587,0.6403,0.0831
eval_by_0.05,window_0.8s,stride_0.75s,True,330.43821144104004,2,0.1645,0.6,0.0771
eval_by_0.05,window_0.8s,stride_0.6s,True,375.96381402015686,1,0.1694,0.6572,0.084
eval_by_0.05,window_0.8s,stride_0.7s,True,338.975958108902,3,0.1661,0.6329,0.0819
eval_by_0.05,window_0.8s,stride_0.8s,True,284.1544144153595,4,0.17,0.5922,0.0771
eval_by_0.05,window_0.9s,stride_0.55s,True,435.75872898101807,2,0.18,0.6548,0.0702
eval_by_0.05,window_0.9s,stride_0.5s,True,470.27803206443787,3,0.1955,0.7208,0.078
eval_by_0.05,window_0.9s,stride_0.45s,True,504.2801744937897,1,0.1834,0.7208,0.0741
eval_by_0.05,window_0.9s,stride_0.65s,True,331.7453269958496,4,0.1829,0.6179,0.0729
eval_by_0.05,window_0.9s,stride_0.6s,True,372.04741978645325,1,0.1837,0.6452,0.0713
eval_by_0.05,window_0.9s,stride_0.75s,True,329.90852999687195,2,0.1892,0.6204,0.0714
eval_by_0.05,window_0.9s,stride_0.7s,True,340.4212255477905,3,0.1789,0.6255,0.0747
eval_by_0.05,window_0.9s,stride_0.85s,True,279.7782073020935,4,0.1847,0.5709,0.0672
eval_by_0.05,window_0.9s,stride_0.9s,True,278.44044494628906,2,0.1891,0.5655,0.0662
eval_by_0.05,window_0.9s,stride_0.8s,True,303.589652299881,1,0.182,0.5843,0.0692
eval_by_0.05,window_1.0s,stride_0.55s,True,415.31603360176086,3,0.2003,0.6524,0.063
eval_by_0.05,window_1.0s,stride_0.5s,True,447.38251066207886,4,0.1879,0.669,0.0622
eval_by_0.05,window_1.0s,stride_0.65s,True,355.3741912841797,1,0.1876,0.6179,0.0636
eval_by_0.05,window_1.0s,stride_0.6s,True,379.14714455604553,2,0.1943,0.6596,0.0637
eval_by_0.05,window_1.0s,stride_0.75s,True,301.527379989624,3,0.1974,0.6,0.0644
eval_by_0.05,window_1.0s,stride_0.7s,True,319.8204023838043,4,0.1958,0.6179,0.0675
eval_by_0.05,window_1.0s,stride_0.85s,True,266.0785982608795,1,0.1924,0.5682,0.059
eval_by_0.05,window_1.0s,stride_0.8s,True,285.5083746910095,2,0.1819,0.5709,0.0564
eval_by_0.05,window_1.0s,stride_0.95s,True,247.57981753349304,3,0.1873,0.5292,0.0562
eval_by_0.05,window_1.0s,stride_0.9s,True,242.3145227432251,4,0.1951,0.5377,0.0564
eval_by_0.05,window_1.0s,stride_1.0s,True,203.15021467208862,1,0.2003,0.5377,0.0543
eval_by_0.05,window_1.1s,stride_0.65s,True,342.0366485118866,3,0.205,0.6204,0.0583
eval_by_0.05,window_1.1s,stride_0.55s,True,390.0592532157898,2,0.1979,0.6204,0.055
eval_by_0.05,window_1.1s,stride_0.6s,True,351.86899042129517,4,0.2021,0.6427,0.0581
eval_by_0.05,window_1.1s,stride_0.75s,True,290.9845335483551,1,0.1945,0.5736,0.056
eval_by_0.05,window_1.1s,stride_0.7s,True,296.0039367675781,2,0.1987,0.5709,0.0518
eval_by_0.05,window_1.1s,stride_0.85s,True,260.81429386138916,3,0.2059,0.5627,0.0558
eval_by_0.05,window_1.1s,stride_0.95s,True,242.75814843177795,1,0.1748,0.488,0.0468
eval_by_0.05,window_1.1s,stride_0.8s,True,268.6204798221588,4,0.1875,0.5263,0.0488
eval_by_0.05,window_1.1s,stride_1.05s,True,217.1390082836151,3,0.1966,0.5,0.0488
eval_by_0.05,window_1.1s,stride_0.9s,True,243.4874370098114,2,0.2073,0.5517,0.0519
eval_by_0.05,window_1.1s,stride_1.0s,True,227.085294008255,4,0.1949,0.5147,0.0513
eval_by_0.05,window_1.1s,stride_1.1s,True,210.3743851184845,1,0.2009,0.488,0.047
eval_by_0.05,window_1.2s,stride_0.65s,True,336.65115547180176,2,0.1956,0.5922,0.0493
eval_by_0.05,window_1.2s,stride_0.75s,True,315.39367032051086,4,0.1881,0.5349,0.0461
eval_by_0.05,window_1.2s,stride_0.7s,True,327.2645516395569,1,0.1904,0.5627,0.0481
eval_by_0.05,window_1.2s,stride_0.6s,True,356.33782601356506,3,0.1899,0.6,0.0475
eval_by_0.05,window_1.2s,stride_0.85s,True,260.87149024009705,2,0.2126,0.5147,0.0402
eval_by_0.05,window_1.2s,stride_0.95s,True,251.9445629119873,4,0.1843,0.497,0.0447
eval_by_0.05,window_1.2s,stride_0.8s,True,276.2852110862732,3,0.1869,0.5234,0.0429
eval_by_0.05,window_1.2s,stride_0.9s,True,253.37573337554932,1,0.1933,0.5089,0.0424
eval_by_0.05,window_1.2s,stride_1.05s,True,217.47578763961792,2,0.2078,0.5089,0.0464
eval_by_0.05,window_1.2s,stride_1.15s,True,214.03433394432068,4,0.1826,0.4476,0.0397
eval_by_0.05,window_1.2s,stride_1.0s,True,229.44257998466492,3,0.1911,0.491,0.0441
eval_by_0.05,window_1.2s,stride_1.1s,True,214.22824549674988,1,0.2006,0.4603,0.0421
eval_by_0.05,window_1.2s,stride_1.2s,True,230.58480143547058,2,0.1946,0.454,0.0382
eval_by_0.05,window_1.3s,stride_0.75s,True,281.0253267288208,4,0.1678,0.488,0.0386
eval_by_0.05,window_1.3s,stride_0.7s,True,297.4729495048523,1,0.1812,0.5292,0.0388
eval_by_0.05,window_1.3s,stride_0.65s,True,311.65025568008423,3,0.1885,0.5545,0.0428
eval_by_0.05,window_1.3s,stride_0.85s,True,236.7404568195343,2,0.2005,0.5118,0.0377
eval_by_0.05,window_1.3s,stride_0.95s,True,240.58841562271118,4,0.1874,0.488,0.0399
eval_by_0.05,window_1.3s,stride_0.8s,True,265.03426241874695,3,0.1883,0.5118,0.0397
eval_by_0.05,window_1.3s,stride_0.9s,True,247.72492027282715,1,0.1894,0.488,0.0364
eval_by_0.05,window_1.3s,stride_1.05s,True,194.78788042068481,2,0.191,0.4727,0.0381
eval_by_0.05,window_1.3s,stride_1.15s,True,201.35040855407715,4,0.1826,0.4283,0.0351
eval_by_0.05,window_1.3s,stride_1.1s,True,208.17530274391174,1,0.1919,0.4444,0.038
eval_by_0.05,window_1.3s,stride_1.0s,True,219.6942536830902,3,0.181,0.4603,0.0382
eval_by_0.05,window_1.3s,stride_1.25s,True,165.54812216758728,2,0.1839,0.4118,0.0342
eval_by_0.05,window_1.3s,stride_1.2s,True,200.61633276939392,3,0.1755,0.4217,0.0333
eval_by_0.05,window_1.3s,stride_1.3s,True,194.3814868927002,4,0.1829,0.3983,0.0318
eval_by_0.05,window_1.4s,stride_0.75s,True,320.6609470844269,1,0.1892,0.5205,0.0387
eval_by_0.05,window_1.4s,stride_0.7s,True,348.2796936035156,2,0.1876,0.5263,0.035
eval_by_0.05,window_1.4s,stride_0.85s,True,313.6296887397766,3,0.1982,0.503,0.0346
eval_by_0.05,window_1.4s,stride_0.8s,True,329.02792525291443,4,0.1947,0.497,0.0363
eval_by_0.05,window_1.4s,stride_0.95s,True,265.14047479629517,1,0.1809,0.4634,0.0354
eval_by_0.05,window_1.4s,stride_0.9s,True,280.4413626194,2,0.2057,0.5,0.038
eval_by_0.05,window_1.4s,stride_1.05s,True,250.9290907382965,3,0.1953,0.4634,0.0363
eval_by_0.05,window_1.4s,stride_1.0s,True,260.674599647522,4,0.1877,0.4665,0.0373
eval_by_0.05,window_1.4s,stride_1.15s,True,224.4908001422882,1,0.194,0.4283,0.0322
eval_by_0.05,window_1.4s,stride_1.1s,True,230.18724274635315,2,0.201,0.4634,0.0358
eval_by_0.05,window_1.4s,stride_1.25s,True,206.28723430633545,3,0.2029,0.4476,0.034
eval_by_0.05,window_1.4s,stride_1.2s,True,218.77178359031677,4,0.1909,0.425,0.0316
eval_by_0.05,window_1.4s,stride_1.35s,True,199.9618742465973,1,0.2046,0.4184,0.0341
eval_by_0.05,window_1.4s,stride_1.3s,True,193.75340247154236,2,0.1829,0.4118,0.0309
eval_by_0.05,window_1.4s,stride_1.4s,True,177.5220286846161,3,0.1922,0.3983,0.029
eval_by_0.05,window_1.5s,stride_0.85s,True,316.07954263687134,1,0.1917,0.4665,0.0302
eval_by_0.05,window_1.5s,stride_0.75s,True,347.89373087882996,4,0.2089,0.5176,0.0362
eval_by_0.05,window_1.5s,stride_0.8s,True,319.88143014907837,2,0.1959,0.488,0.0342
eval_by_0.05,window_1.5s,stride_0.95s,True,278.0672330856323,3,0.1854,0.4476,0.0327
eval_by_0.05,window_1.5s,stride_1.05s,True,249.98534607887268,1,0.1834,0.425,0.0327
eval_by_0.05,window_1.5s,stride_0.9s,True,283.439355134964,4,0.2025,0.488,0.0336
eval_by_0.05,window_1.5s,stride_1.15s,True,231.59546947479248,3,0.202,0.4508,0.0307
eval_by_0.05,window_1.5s,stride_1.0s,True,256.6499185562134,2,0.2006,0.454,0.0342
eval_by_0.05,window_1.5s,stride_1.25s,True,215.38880062103271,1,0.211,0.4412,0.0334
eval_by_0.05,window_1.5s,stride_1.1s,True,236.32953906059265,4,0.2058,0.4603,0.0338
eval_by_0.05,window_1.5s,stride_1.2s,True,218.27828168869019,2,0.1927,0.4084,0.0278
eval_by_0.05,window_1.5s,stride_1.35s,True,200.32145977020264,3,0.1884,0.3846,0.0289
eval_by_0.05,window_1.5s,stride_1.45s,True,190.51983976364136,1,0.1751,0.3636,0.0245
eval_by_0.05,window_1.5s,stride_1.3s,True,201.1332700252533,4,0.1857,0.3983,0.0312
eval_by_0.05,window_1.5s,stride_1.5s,True,187.26730608940125,3,0.2074,0.3812,0.0317
eval_by_0.05,window_1.5s,stride_1.4s,True,191.5077042579651,2,0.1902,0.3707,0.0269
eval_by_0.05,window_1.6s,stride_0.85s,True,314.57975792884827,4,0.1958,0.491,0.0303
eval_by_0.05,window_1.6s,stride_0.95s,True,299.07344698905945,2,0.1757,0.438,0.0282
eval_by_0.05,window_1.6s,stride_0.8s,True,329.58967661857605,1,0.1999,0.491,0.0313
eval_by_0.05,window_1.6s,stride_0.9s,True,307.692241191864,3,0.2097,0.5,0.0315
eval_by_0.05,window_1.6s,stride_1.05s,True,257.9387352466583,4,0.1936,0.4444,0.0297
eval_by_0.05,window_1.6s,stride_1.15s,True,255.47041201591492,2,0.2036,0.4571,0.029
eval_by_0.05,window_1.6s,stride_1.1s,True,257.77512192726135,3,0.1964,0.4217,0.0298
eval_by_0.05,window_1.6s,stride_1.0s,True,271.9466257095337,1,0.197,0.4665,0.0326
eval_by_0.05,window_1.6s,stride_1.25s,True,212.73423099517822,4,0.1986,0.4084,0.0291
eval_by_0.05,window_1.6s,stride_1.35s,True,218.02209067344666,2,0.2059,0.4118,0.0289
eval_by_0.05,window_1.6s,stride_1.2s,True,231.52826738357544,1,0.2093,0.4476,0.0283
eval_by_0.05,window_1.6s,stride_1.3s,True,221.12071466445923,3,0.2014,0.3983,0.0292
eval_by_0.05,window_1.6s,stride_1.45s,True,173.0427942276001,4,0.1934,0.3707,0.0253
eval_by_0.05,window_1.6s,stride_1.55s,True,190.23592686653137,2,0.1989,0.3742,0.0263
eval_by_0.05,window_1.6s,stride_1.5s,True,195.9270215034485,3,0.2102,0.3983,0.0303
eval_by_0.05,window_1.6s,stride_1.4s,True,201.46294975280762,1,0.1933,0.3742,0.0251
eval_by_0.05,window_1.6s,stride_1.6s,True,151.41133856773376,4,0.1794,0.3311,0.0238
eval_by_0.05,window_1.7s,stride_0.95s,True,298.4116108417511,2,0.1795,0.425,0.0263
eval_by_0.05,window_1.7s,stride_0.85s,True,314.52166390419006,1,0.1798,0.4444,0.026
eval_by_0.05,window_1.7s,stride_0.9s,True,307.17548394203186,3,0.1913,0.4571,0.0279
eval_by_0.05,window_1.7s,stride_1.05s,True,241.7577486038208,4,0.1868,0.4217,0.0265
eval_by_0.05,window_1.7s,stride_1.15s,True,249.4682376384735,2,0.2019,0.438,0.0269
eval_by_0.05,window_1.7s,stride_1.1s,True,257.0942454338074,3,0.1908,0.4017,0.0279
eval_by_0.05,window_1.7s,stride_1.0s,True,266.6564373970032,1,0.1728,0.425,0.0274
eval_by_0.05,window_1.7s,stride_1.25s,True,231.67116379737854,4,0.1803,0.3846,0.0265
eval_by_0.05,window_1.7s,stride_1.45s,True,211.75294971466064,4,0.184,0.3385,0.0227
eval_by_0.05,window_1.7s,stride_1.35s,True,221.1444215774536,2,0.1955,0.3881,0.0261
eval_by_0.05,window_1.7s,stride_1.2s,True,230.554137468338,1,0.2016,0.425,0.0252
eval_by_0.05,window_1.7s,stride_1.3s,True,224.80004239082336,3,0.1906,0.3812,0.0241
eval_by_0.05,window_1.7s,stride_1.65s,True,191.35827732086182,4,0.1793,0.32,0.0222
eval_by_0.05,window_1.7s,stride_1.55s,True,196.08031392097473,2,0.1715,0.3311,0.0228
eval_by_0.05,window_1.7s,stride_1.4s,True,204.48007774353027,1,0.1862,0.3672,0.0231
eval_by_0.05,window_1.7s,stride_1.5s,True,199.15552473068237,3,0.191,0.3812,0.027
eval_by_0.05,window_1.7s,stride_1.7s,True,179.24441194534302,2,0.1772,0.3087,0.0229
eval_by_0.05,window_1.7s,stride_1.6s,True,186.75406050682068,1,0.1938,0.3565,0.0237
eval_by_0.05,window_1.8s,stride_0.95s,True,279.2671146392822,3,0.1826,0.4283,0.0238
eval_by_0.05,window_1.8s,stride_0.9s,True,291.80677604675293,4,0.1902,0.4444,0.0252
eval_by_0.05,window_1.8s,stride_1.05s,True,251.91183233261108,1,0.1962,0.4348,0.0258
eval_by_0.05,window_1.8s,stride_1.0s,True,261.4683940410614,2,0.1703,0.4151,0.0265
eval_by_0.05,window_1.8s,stride_1.15s,True,228.5869197845459,3,0.1816,0.4084,0.0229
eval_by_0.05,window_1.8s,stride_1.1s,True,237.17180228233337,4,0.1874,0.3949,0.0251
eval_by_0.05,window_1.8s,stride_1.25s,True,210.66124439239502,1,0.1795,0.3983,0.026
eval_by_0.05,window_1.8s,stride_1.2s,True,218.0497646331787,2,0.1851,0.4017,0.0251
eval_by_0.05,window_1.8s,stride_1.35s,True,194.77287340164185,3,0.1943,0.3983,0.0253
eval_by_0.05,window_1.8s,stride_1.3s,True,200.43148040771484,4,0.1778,0.3601,0.0222
eval_by_0.05,window_1.8s,stride_1.45s,True,181.45323824882507,1,0.1925,0.3565,0.0217
eval_by_0.05,window_1.8s,stride_1.4s,True,187.34452152252197,2,0.1756,0.3457,0.0212
eval_by_0.05,window_1.8s,stride_1.55s,True,173.66599559783936,3,0.1743,0.3457,0.0225
eval_by_0.05,window_1.8s,stride_1.5s,True,174.4580135345459,4,0.1806,0.3636,0.0253
eval_by_0.05,window_1.8s,stride_1.65s,True,156.14824390411377,1,0.1976,0.3457,0.0222
eval_by_0.05,window_1.8s,stride_1.6s,True,165.61990690231323,2,0.173,0.3274,0.0218
eval_by_0.05,window_1.8s,stride_1.75s,True,157.96234822273254,3,0.1766,0.3163,0.0224
eval_by_0.05,window_1.8s,stride_1.7s,True,154.36748790740967,4,0.1622,0.2935,0.0208
eval_by_0.05,window_1.8s,stride_1.8s,True,139.4300308227539,1,0.1905,0.3274,0.023
eval_by_0.05,window_1.9s,stride_0.95s,True,280.2224667072296,2,0.1726,0.4084,0.0218
eval_by_0.05,window_1.9s,stride_1.05s,True,264.63558745384216,3,0.173,0.4151,0.0235
eval_by_0.05,window_1.9s,stride_1.0s,True,263.0984501838684,4,0.1685,0.3812,0.0223
eval_by_0.05,window_1.9s,stride_1.15s,True,223.46426939964294,1,0.1793,0.3707,0.0204
eval_by_0.05,window_1.9s,stride_1.25s,True,220.71701502799988,3,0.1765,0.3881,0.0243
eval_by_0.05,window_1.9s,stride_1.1s,True,240.9458224773407,2,0.1684,0.3812,0.0225
eval_by_0.05,window_1.9s,stride_1.35s,True,210.46898818016052,1,0.1855,0.3742,0.0224
eval_by_0.05,window_1.9s,stride_1.2s,True,228.54650712013245,4,0.1756,0.3742,0.022
eval_by_0.05,window_1.9s,stride_1.3s,True,201.56984329223633,2,0.1778,0.3672,0.0237
eval_by_0.05,window_1.9s,stride_1.45s,True,197.91257095336914,3,0.1628,0.2973,0.0182
eval_by_0.05,window_1.9s,stride_1.55s,True,191.57396507263184,1,0.1718,0.3348,0.0217
eval_by_0.05,window_1.9s,stride_1.4s,True,199.8852195739746,4,0.1571,0.3049,0.0172
eval_by_0.05,window_1.9s,stride_1.5s,True,180.25581645965576,2,0.1711,0.3421,0.0222
eval_by_0.05,window_1.9s,stride_1.65s,True,178.73871326446533,3,0.197,0.3529,0.0209
eval_by_0.05,window_1.9s,stride_1.75s,True,172.27820706367493,1,0.1664,0.2896,0.0201
eval_by_0.05,window_1.9s,stride_1.6s,True,180.87026572227478,4,0.1674,0.3125,0.0205
eval_by_0.05,window_1.9s,stride_1.7s,True,161.59718585014343,2,0.1438,0.2621,0.0174
eval_by_0.05,window_1.9s,stride_1.85s,True,162.9415214061737,3,0.2003,0.3348,0.0215
eval_by_0.05,window_1.9s,stride_1.9s,True,160.30066752433777,1,0.1761,0.2896,0.0185
eval_by_0.05,window_1.9s,stride_1.8s,True,164.1878297328949,4,0.172,0.2857,0.0192
eval_by_0.05,window_2.0s,stride_1.05s,True,283.3703510761261,2,0.1663,0.3949,0.0221
eval_by_0.05,window_2.0s,stride_1.15s,True,284.1556787490845,4,0.1802,0.3672,0.0196
eval_by_0.05,window_2.0s,stride_1.1s,True,289.6567704677582,1,0.1658,0.3881,0.0212
eval_by_0.05,window_2.0s,stride_1.0s,True,303.01685523986816,3,0.1742,0.4017,0.0213
eval_by_0.05,window_2.0s,stride_1.25s,True,226.2995901107788,2,0.1745,0.3672,0.0215
eval_by_0.05,window_2.0s,stride_1.35s,True,241.067528963089,4,0.1816,0.3493,0.0193
eval_by_0.05,window_2.0s,stride_1.2s,True,257.9207253456116,3,0.1751,0.3636,0.021
eval_by_0.05,window_2.0s,stride_1.3s,True,247.16500687599182,1,0.1701,0.3529,0.02
eval_by_0.05,window_2.0s,stride_1.45s,True,182.58377075195312,2,0.1589,0.3125,0.0182
eval_by_0.05,window_2.0s,stride_1.55s,True,212.54163146018982,4,0.1594,0.3049,0.0182
eval_by_0.05,window_2.0s,stride_1.4s,True,225.85754799842834,3,0.1641,0.3237,0.0174
eval_by_0.05,window_2.0s,stride_1.5s,True,218.64882469177246,1,0.1689,0.32,0.0204
eval_by_0.05,window_2.0s,stride_1.65s,True,158.2722978591919,2,0.1851,0.3457,0.0186
eval_by_0.05,window_2.0s,stride_1.75s,True,191.22043824195862,4,0.1576,0.2857,0.018
eval_by_0.05,window_2.0s,stride_1.6s,True,200.91030883789062,3,0.1627,0.3049,0.0188
eval_by_0.05,window_2.0s,stride_1.7s,True,195.34816551208496,1,0.1746,0.2896,0.0178
eval_by_0.05,window_2.0s,stride_1.85s,True,151.1942491531372,2,0.1929,0.3237,0.0191
eval_by_0.05,window_2.0s,stride_1.8s,True,178.17978358268738,3,0.1723,0.2857,0.0182
eval_by_0.05,window_2.0s,stride_1.95s,True,175.16573667526245,4,0.1664,0.2779,0.0173
eval_by_0.05,window_2.0s,stride_1.9s,True,177.44643354415894,1,0.1664,0.2661,0.0163
eval_by_0.05,window_2.0s,stride_2.0s,True,162.8175446987152,2,0.1701,0.27,0.0168
eval_by_0.05,window_2.0s,stride_2.0s_sample,True,31.799073934555054,3,0.3333,0.0261,0.0011
eval_percent,window_0.3s,stride_100.0%,True,701.8313360214233,1,0.073,0.8964,0.2312
eval_percent,window_0.3s,stride_30.0%,True,2035.3960130214691,3,0.0727,0.9825,0.1856
eval_percent,window_0.3s,stride_40.0%,True,1550.9394354820251,4,0.0723,0.9811,0.2108
eval_percent,window_0.3s,stride_20.0%,True,2808.8418843746185,2,0.0717,0.992,0.1711
eval_percent,window_0.3s,stride_50.0%,True,1194.9433398246765,1,0.0736,0.9686,0.2286
eval_percent,window_0.3s,stride_60.0%,True,1033.0482358932495,2,0.0712,0.9544,0.222
eval_percent,window_0.3s,stride_70.0%,True,866.758540391922,3,0.073,0.9382,0.2534
eval_percent,window_0.3s,stride_90.0%,True,728.2540330886841,1,0.0743,0.9059,0.2423
eval_percent,window_0.3s,stride_80.0%,True,795.6562180519104,4,0.0738,0.9322,0.249
eval_percent,window_0.4s,stride_100.0%,True,608.9330759048462,3,0.1003,0.8261,0.178
eval_percent,window_0.3s,stride_10.0%,True,5012.726710796356,4,0.0729,0.996,0.1328
eval_percent,window_0.4s,stride_30.0%,True,1623.9644894599915,1,0.1013,0.9658,0.1607
eval_percent,window_0.4s,stride_40.0%,True,1300.0001583099365,2,0.0998,0.9558,0.1688
eval_percent,window_0.4s,stride_20.0%,True,2345.0159454345703,4,0.1003,0.977,0.1454
eval_percent,window_0.4s,stride_70.0%,True,808.7034950256348,1,0.1011,0.9075,0.2049
eval_percent,window_0.4s,stride_60.0%,True,896.483852148056,4,0.1015,0.9246,0.184
eval_percent,window_0.4s,stride_50.0%,True,1001.3291385173798,3,0.1007,0.9456,0.1878
eval_percent,window_0.5s,stride_100.0%,True,393.5531713962555,4,0.123,0.7707,0.145
eval_percent,window_0.4s,stride_80.0%,True,748.7170324325562,2,0.0984,0.875,0.1852
eval_percent,window_0.4s,stride_10.0%,True,4362.038256883621,2,0.0994,0.9811,0.1312
eval_percent,window_0.5s,stride_40.0%,True,989.2780184745789,3,0.1273,0.9246,0.1465
eval_percent,window_0.5s,stride_30.0%,True,1226.5809240341187,2,0.1261,0.9382,0.1387
eval_percent,window_0.5s,stride_20.0%,True,1667.2548949718475,1,0.1269,0.9615,0.1309
eval_percent,window_0.5s,stride_50.0%,True,726.3457622528076,4,0.1235,0.9012,0.1498
eval_percent,window_0.5s,stride_60.0%,True,637.1802496910095,1,0.1288,0.88,0.1553
eval_percent,window_0.5s,stride_70.0%,True,554.4453737735748,2,0.1259,0.8545,0.1561
eval_percent,window_0.5s,stride_80.0%,True,475.43393778800964,3,0.1273,0.8369,0.1597
eval_percent,window_0.5s,stride_90.0%,True,439.86283779144287,4,0.1243,0.8,0.1509
eval_percent,window_0.5s,stride_10.0%,True,3130.798814535141,3,0.1255,0.9714,0.1145
eval_percent,window_0.6s,stride_100.0%,True,352.7022864818573,2,0.1467,0.7077,0.1153
eval_percent,window_0.6s,stride_30.0%,True,1131.0090522766113,4,0.1476,0.9043,0.1208
eval_percent,window_0.6s,stride_40.0%,True,889.0704760551453,1,0.1464,0.885,0.13
eval_percent,window_0.6s,stride_20.0%,True,1563.9738500118256,3,0.1472,0.9382,0.1164
eval_percent,window_0.6s,stride_60.0%,True,582.8679206371307,3,0.1463,0.8405,0.1325
eval_percent,window_0.6s,stride_50.0%,True,667.7104442119598,2,0.146,0.8614,0.1294
eval_percent,window_0.6s,stride_70.0%,True,475.2566430568695,4,0.1472,0.8113,0.1317
eval_percent,window_0.6s,stride_80.0%,True,449.8025612831116,1,0.137,0.7566,0.1201
eval_percent,window_0.6s,stride_90.0%,True,416.52413535118103,2,0.152,0.7442,0.1273
eval_percent,window_0.7s,stride_100.0%,True,331.8381848335266,4,0.1485,0.6279,0.0889
eval_percent,window_0.6s,stride_10.0%,True,3096.9526755809784,1,0.1486,0.9572,0.1058
eval_percent,window_0.7s,stride_40.0%,True,880.1636984348297,3,0.1617,0.8387,0.1086
eval_percent,window_0.7s,stride_30.0%,True,1092.4486215114594,2,0.1679,0.8817,0.1053
eval_percent,window_0.7s,stride_20.0%,True,1528.634837627411,1,0.1628,0.9012,0.099
eval_percent,window_0.7s,stride_50.0%,True,655.9662446975708,4,0.1604,0.8132,0.1051
eval_percent,window_0.7s,stride_60.0%,True,574.8261263370514,1,0.1668,0.7846,0.1122
eval_percent,window_0.7s,stride_70.0%,True,483.103444814682,2,0.1611,0.7647,0.1084
eval_percent,window_0.7s,stride_90.0%,True,412.859623670578,4,0.1732,0.7121,0.107
eval_percent,window_0.7s,stride_80.0%,True,447.0430290699005,3,0.1528,0.692,0.1033
eval_percent,window_0.7s,stride_10.0%,True,2819.396194934845,3,0.1658,0.9307,0.0887
eval_percent,window_0.8s,stride_100.0%,True,320.3610327243805,2,0.17,0.5922,0.0771
eval_percent,window_0.8s,stride_40.0%,True,789.7342340946198,1,0.1714,0.7904,0.0872
eval_percent,window_0.8s,stride_30.0%,True,990.0286860466003,4,0.1744,0.8315,0.089
eval_percent,window_0.8s,stride_20.0%,True,1431.1413888931274,3,0.1728,0.8597,0.0844
eval_percent,window_0.8s,stride_60.0%,True,573.2110257148743,3,0.1758,0.7208,0.0885
eval_percent,window_0.8s,stride_50.0%,True,648.0437362194061,2,0.1739,0.7627,0.088
eval_percent,window_0.8s,stride_70.0%,True,501.8401663303375,4,0.1704,0.692,0.09
eval_percent,window_0.8s,stride_90.0%,True,408.919376373291,2,0.1726,0.6403,0.0807
eval_percent,window_0.8s,stride_80.0%,True,445.7864480018616,1,0.1632,0.65,0.084
eval_percent,window_0.8s,stride_10.0%,True,2749.0701847076416,1,0.1736,0.898,0.08
eval_percent,window_0.9s,stride_100.0%,True,280.6930031776428,4,0.1891,0.5655,0.0662
eval_percent,window_0.9s,stride_40.0%,True,726.4657294750214,3,0.1877,0.7442,0.0735
eval_percent,window_0.9s,stride_30.0%,True,907.2132258415222,2,0.1818,0.7826,0.0744
eval_percent,window_0.9s,stride_20.0%,True,1291.3468852043152,1,0.1829,0.8094,0.0702
eval_percent,window_0.9s,stride_50.0%,True,539.4716365337372,4,0.1834,0.7208,0.0741
eval_percent,window_0.9s,stride_60.0%,True,455.7630751132965,1,0.1821,0.6737,0.0737
eval_percent,window_0.9s,stride_70.0%,True,380.892475605011,2,0.1845,0.6279,0.072
eval_percent,window_0.9s,stride_80.0%,True,343.6194603443146,3,0.1824,0.6077,0.0711
eval_percent,window_0.9s,stride_90.0%,True,313.1941297054291,4,0.1788,0.5736,0.0688
eval_percent,window_1.0s,stride_100.0%,True,278.69537138938904,2,0.2003,0.5377,0.0543
eval_percent,window_0.9s,stride_10.0%,True,2408.200187444687,3,0.186,0.858,0.0678
eval_percent,window_1.0s,stride_40.0%,True,615.4304778575897,1,0.1914,0.7273,0.0652
eval_percent,window_1.0s,stride_30.0%,True,780.4497785568237,4,0.1914,0.7442,0.0625
eval_percent,window_1.0s,stride_20.0%,True,1111.294909477234,3,0.191,0.7962,0.0648
eval_percent,window_1.0s,stride_50.0%,True,460.64584374427795,2,0.1879,0.669,0.0622
eval_percent,window_1.0s,stride_60.0%,True,393.472448348999,3,0.1943,0.6596,0.0637
eval_percent,window_1.0s,stride_70.0%,True,349.97058510780334,4,0.1958,0.6179,0.0675
eval_percent,window_1.0s,stride_80.0%,True,280.43441104888916,1,0.1819,0.5709,0.0564
eval_percent,window_1.0s,stride_90.0%,True,255.78948831558228,2,0.1951,0.5377,0.0564
eval_percent,window_1.0s,stride_10.0%,True,2016.5575222969055,1,0.1899,0.8333,0.0645
eval_percent,window_1.1s,stride_100.0%,True,208.89626502990723,4,0.2009,0.488,0.047
eval_percent,window_1.1s,stride_40.0%,True,522.9799115657806,3,0.1933,0.6737,0.0544
eval_percent,window_1.1s,stride_30.0%,True,654.8733348846436,2,0.1892,0.7077,0.0566
eval_percent,window_1.1s,stride_20.0%,True,937.2005462646484,1,0.1932,0.7566,0.057
eval_percent,window_1.1s,stride_50.0%,True,395.58111095428467,4,0.1979,0.6204,0.055
eval_percent,window_1.1s,stride_60.0%,True,332.1308431625366,1,0.1912,0.6026,0.0531
eval_percent,window_1.1s,stride_70.0%,True,286.7920422554016,2,0.1947,0.5655,0.0549
eval_percent,window_1.1s,stride_80.0%,True,260.5983934402466,3,0.1878,0.5405,0.0521
eval_percent,window_1.1s,stride_90.0%,True,238.12855792045593,4,0.1686,0.4444,0.0456
eval_percent,window_1.2s,stride_100.0%,True,212.02092671394348,2,0.1946,0.454,0.0382
eval_percent,window_1.1s,stride_10.0%,True,1824.5068888664246,3,0.1932,0.8,0.0563
eval_percent,window_1.2s,stride_40.0%,True,485.2510187625885,1,0.192,0.6103,0.0474
eval_percent,window_1.2s,stride_30.0%,True,608.464328289032,4,0.1845,0.6714,0.0509
eval_percent,window_1.2s,stride_20.0%,True,857.0290682315826,3,0.1907,0.7033,0.0478
eval_percent,window_1.2s,stride_50.0%,True,362.90518617630005,2,0.1899,0.6,0.0475
eval_percent,window_1.2s,stride_60.0%,True,311.8400616645813,3,0.1763,0.5176,0.0431
eval_percent,window_1.2s,stride_70.0%,True,273.2379939556122,4,0.1859,0.5234,0.045
eval_percent,window_1.2s,stride_80.0%,True,243.5681290626526,1,0.2003,0.5059,0.0454
eval_percent,window_1.2s,stride_90.0%,True,235.5941460132599,2,0.1841,0.4315,0.0365
eval_percent,window_1.3s,stride_100.0%,True,171.25457763671875,4,0.1829,0.3983,0.0318
eval_percent,window_1.2s,stride_10.0%,True,1637.5541062355042,1,0.1933,0.7727,0.0495
eval_percent,window_1.3s,stride_40.0%,True,429.91027665138245,3,0.1947,0.6,0.0458
eval_percent,window_1.3s,stride_30.0%,True,541.7982518672943,2,0.1879,0.6452,0.0448
eval_percent,window_1.3s,stride_20.0%,True,742.725329875946,1,0.1964,0.7099,0.0468
eval_percent,window_1.3s,stride_50.0%,True,324.00944995880127,4,0.1885,0.5545,0.0428
eval_percent,window_1.3s,stride_60.0%,True,275.20099210739136,1,0.195,0.5434,0.0422
eval_percent,window_1.3s,stride_70.0%,True,242.14730834960938,2,0.2011,0.5089,0.0398
eval_percent,window_1.3s,stride_80.0%,True,212.44722867012024,3,0.2011,0.4727,0.041
eval_percent,window_1.3s,stride_10.0%,True,1380.0253880023956,3,0.196,0.7627,0.046
eval_percent,window_1.3s,stride_90.0%,True,195.3347771167755,4,0.2002,0.4508,0.0378
eval_percent,window_1.4s,stride_100.0%,True,194.5831196308136,2,0.1922,0.3983,0.029
eval_percent,window_1.4s,stride_30.0%,True,638.7341845035553,4,0.1978,0.6204,0.0403
eval_percent,window_1.4s,stride_40.0%,True,492.5876922607422,1,0.1933,0.5682,0.0376
eval_percent,window_1.4s,stride_20.0%,True,905.7078783512115,3,0.1988,0.6667,0.0394
eval_percent,window_1.4s,stride_60.0%,True,329.10918378829956,3,0.2049,0.5234,0.0365
eval_percent,window_1.4s,stride_50.0%,True,377.04339599609375,2,0.1876,0.5263,0.035
eval_percent,window_1.4s,stride_70.0%,True,271.9455955028534,4,0.1734,0.4348,0.0334
eval_percent,window_1.4s,stride_80.0%,True,245.65348362922668,1,0.1944,0.454,0.0354
eval_percent,window_1.4s,stride_90.0%,True,226.34608578681946,2,0.1984,0.4118,0.033
eval_percent,window_1.5s,stride_100.0%,True,202.76593780517578,4,0.2074,0.3812,0.0317
eval_percent,window_1.4s,stride_10.0%,True,1639.1851665973663,1,0.1948,0.7273,0.041
eval_percent,window_1.5s,stride_40.0%,True,463.75949692726135,3,0.1903,0.5147,0.0312
eval_percent,window_1.5s,stride_30.0%,True,583.0301520824432,2,0.1946,0.5736,0.0341
eval_percent,window_1.5s,stride_20.0%,True,835.9462893009186,1,0.1974,0.6354,0.0374
eval_percent,window_1.5s,stride_50.0%,True,351.15325689315796,4,0.2089,0.5176,0.0362
eval_percent,window_1.5s,stride_60.0%,True,300.50046610832214,1,0.2025,0.488,0.0336
eval_percent,window_1.5s,stride_70.0%,True,262.04200291633606,2,0.1834,0.425,0.0327
eval_percent,window_1.5s,stride_80.0%,True,226.5070264339447,3,0.1927,0.4084,0.0278
eval_percent,window_1.5s,stride_90.0%,True,215.34269070625305,4,0.1884,0.3846,0.0289
eval_percent,window_1.6s,stride_100.0%,True,189.5340964794159,2,0.1794,0.3311,0.0238
eval_percent,window_1.5s,stride_10.0%,True,1565.5715188980103,3,0.196,0.701,0.0379
eval_percent,window_1.6s,stride_40.0%,True,444.80919885635376,1,0.1743,0.488,0.0297
eval_percent,window_1.6s,stride_30.0%,True,546.7847292423248,4,0.2002,0.5843,0.0341
eval_percent,window_1.6s,stride_20.0%,True,780.8242328166962,3,0.1899,0.6128,0.0345
eval_percent,window_1.6s,stride_50.0%,True,334.24435687065125,2,0.1999,0.491,0.0313
eval_percent,window_1.6s,stride_60.0%,True,288.5939555168152,3,0.2058,0.4727,0.0331
eval_percent,window_1.6s,stride_70.0%,True,245.93665194511414,4,0.1902,0.4476,0.0317
eval_percent,window_1.6s,stride_80.0%,True,219.11400866508484,1,0.1722,0.3529,0.0242
eval_percent,window_1.6s,stride_90.0%,True,207.4605004787445,2,0.1858,0.3812,0.0255
eval_percent,window_1.6s,stride_10.0%,True,1463.2997677326202,1,0.1934,0.676,0.034
eval_percent,window_1.7s,stride_100.0%,True,171.21115517616272,4,0.1772,0.3087,0.0229
eval_percent,window_1.7s,stride_40.0%,True,418.22186064720154,3,0.1891,0.5059,0.0291
eval_percent,window_1.7s,stride_30.0%,True,529.0019636154175,2,0.1898,0.5462,0.0299
eval_percent,window_1.7s,stride_20.0%,True,732.9912462234497,1,0.1927,0.5869,0.0318
eval_percent,window_1.7s,stride_60.0%,True,277.3368408679962,1,0.1949,0.438,0.0284
eval_percent,window_1.7s,stride_50.0%,True,315.57364296913147,4,0.1798,0.4444,0.026
eval_percent,window_1.7s,stride_70.0%,True,231.5064516067505,2,0.1808,0.3983,0.0248
eval_percent,window_1.7s,stride_80.0%,True,205.7148826122284,3,0.1789,0.3881,0.0268
eval_percent,window_1.7s,stride_90.0%,True,187.22241520881653,4,0.202,0.3812,0.0239
eval_percent,window_1.7s,stride_10.0%,True,1377.0676565170288,3,0.1888,0.6279,0.0317
eval_percent,window_1.8s,stride_100.0%,True,159.5508360862732,2,0.1905,0.3274,0.023
eval_percent,window_1.8s,stride_40.0%,True,398.9113528728485,1,0.1865,0.4758,0.025
eval_percent,window_1.8s,stride_30.0%,True,497.9591414928436,4,0.1983,0.5205,0.0267
eval_percent,window_1.8s,stride_20.0%,True,705.9509825706482,3,0.1909,0.5816,0.0289
eval_percent,window_1.8s,stride_50.0%,True,301.5546097755432,2,0.1902,0.4444,0.0252
eval_percent,window_1.8s,stride_60.0%,True,259.336452960968,3,0.1917,0.4151,0.0233
eval_percent,window_1.8s,stride_70.0%,True,214.11392784118652,4,0.1919,0.3915,0.0237
eval_percent,window_1.8s,stride_80.0%,True,202.38533473014832,1,0.1955,0.3881,0.0238
eval_percent,window_1.8s,stride_90.0%,True,186.86273169517517,2,0.1885,0.3493,0.023
eval_percent,window_1.8s,stride_10.0%,True,1325.9735279083252,1,0.1912,0.6378,0.0314
eval_percent,window_1.9s,stride_100.0%,True,165.54707670211792,4,0.1761,0.2896,0.0185
eval_percent,window_1.9s,stride_40.0%,True,379.21916460990906,3,0.1761,0.454,0.0242
eval_percent,window_1.9s,stride_30.0%,True,478.52626156806946,2,0.1803,0.491,0.0263
eval_percent,window_1.9s,stride_20.0%,True,671.792555809021,1,0.1795,0.5405,0.0272
eval_percent,window_1.9s,stride_50.0%,True,285.52100944519043,4,0.1726,0.4084,0.0218
eval_percent,window_1.9s,stride_60.0%,True,242.88612246513367,1,0.1985,0.4118,0.0223
eval_percent,window_1.9s,stride_70.0%,True,218.0473198890686,2,0.2002,0.3983,0.0247
eval_percent,window_1.9s,stride_80.0%,True,184.13679027557373,3,0.1757,0.3565,0.0217
eval_percent,window_1.9s,stride_90.0%,True,179.11068749427795,4,0.1847,0.3311,0.0219
eval_percent,window_1.9s,stride_10.0%,True,1260.3816015720367,3,0.1785,0.6052,0.0286
eval_percent,window_2.0s,stride_100.0%,True,152.96022939682007,2,0.1701,0.27,0.0168
eval_percent,window_2.0s,stride_40.0%,True,405.4754297733307,1,0.1655,0.425,0.0222
eval_percent,window_2.0s,stride_30.0%,True,505.8977360725403,4,0.1788,0.4789,0.024
eval_percent,window_2.0s,stride_20.0%,True,720.8613030910492,3,0.1782,0.5059,0.0233
eval_percent,window_2.0s,stride_50.0%,True,307.48109769821167,2,0.1742,0.4017,0.0213
eval_percent,window_2.0s,stride_60.0%,True,261.62055921554565,3,0.1751,0.3636,0.021
eval_percent,window_2.0s,stride_70.0%,True,221.90455603599548,4,0.1641,0.3237,0.0174
eval_percent,window_2.0s,stride_80.0%,True,190.91277289390564,1,0.1627,0.3049,0.0188
eval_percent,window_2.0s,stride_90.0%,True,171.8246681690216,2,0.1723,0.2857,0.0182
eval_percent,window_2.0s,stride_10.0%,True,1240.7890558242798,1,0.1778,0.5545,0.0241
